emp_id,date,duration_hours,attendees
1,2025-08-17,0.72,5
1,2025-08-15,0.94,6
1,2025-06-21,2.86,12
1,2025-08-05,2.33,10
1,2025-08-25,2.11,15
1,2025-06-13,0.85,12
1,2025-07-02,2.18,12
1,2025-08-23,1.04,2
1,2025-07-20,1.9,3
1,2025-08-11,2.7,6
1,2025-08-14,2.04,4
1,2025-06-09,2.07,5
1,2025-08-01,1.34,4
1,2025-07-13,0.56,11
1,2025-06-25,2.35,6
1,2025-07-11,2.5,4
1,2025-08-25,0.74,8
1,2025-06-23,2.05,10
1,2025-08-07,1.82,3
1,2025-06-28,1.87,14
1,2025-08-11,1.82,14
1,2025-06-26,2.11,2
1,2025-06-16,2.26,2
1,2025-06-30,1.0,6
1,2025-07-19,1.31,7
1,2025-06-19,1.13,8
1,2025-06-20,1.94,15
1,2025-06-13,2.96,5
1,2025-06-19,2.2,3
1,2025-08-29,2.89,13
1,2025-06-08,1.43,14
1,2025-07-31,1.0,15
1,2025-08-23,0.74,14
1,2025-06-13,0.83,12
1,2025-08-15,1.23,11
1,2025-07-26,1.23,9
1,2025-08-20,1.88,9
1,2025-06-02,0.92,15
1,2025-08-03,2.71,13
1,2025-06-20,2.84,13
1,2025-06-21,1.64,15
1,2025-07-24,2.33,10
1,2025-08-21,1.18,5
2,2025-07-10,1.63,14
2,2025-06-20,0.62,5
2,2025-07-24,2.67,11
2,2025-07-09,2.78,14
2,2025-06-29,0.93,12
2,2025-07-25,1.43,15
2,2025-07-05,0.81,7
2,2025-06-07,1.77,8
2,2025-07-31,0.99,7
2,2025-06-03,1.27,12
2,2025-06-17,1.57,6
2,2025-08-24,2.84,3
2,2025-08-01,2.76,2
2,2025-07-27,0.7,13
2,2025-08-26,1.02,8
2,2025-06-01,0.67,6
2,2025-06-08,2.98,12
2,2025-07-06,2.31,11
2,2025-08-03,1.64,14
2,2025-06-29,2.49,7
2,2025-06-14,2.26,12
2,2025-06-16,2.1,7
2,2025-07-30,1.8,7
2,2025-08-02,2.75,10
2,2025-06-17,1.63,14
2,2025-07-07,0.91,15
2,2025-07-27,1.47,9
2,2025-08-22,0.58,12
2,2025-08-04,2.72,12
2,2025-07-01,0.72,12
2,2025-07-01,1.45,5
2,2025-08-24,2.14,9
2,2025-07-20,2.92,9
3,2025-07-11,2.73,3
3,2025-07-31,1.08,3
3,2025-08-20,0.58,3
3,2025-08-08,0.82,2
3,2025-08-01,2.03,12
3,2025-06-10,1.66,13
3,2025-07-27,1.41,14
3,2025-06-05,1.41,10
3,2025-07-04,1.93,4
3,2025-07-19,1.73,15
3,2025-07-26,2.97,10
3,2025-08-17,2.63,15
3,2025-08-16,1.07,5
3,2025-08-21,2.9,2
3,2025-07-06,0.61,2
3,2025-07-14,0.86,3
3,2025-06-14,1.57,11
3,2025-07-03,2.05,8
3,2025-07-04,2.24,13
3,2025-06-14,1.29,11
3,2025-06-26,1.12,8
3,2025-06-09,1.82,13
3,2025-08-02,1.48,3
3,2025-07-24,0.99,13
3,2025-07-04,1.44,11
3,2025-08-01,1.85,8
3,2025-08-05,1.84,14
3,2025-08-20,1.52,6
3,2025-06-04,0.57,6
3,2025-07-13,1.94,14
3,2025-06-15,2.96,13
3,2025-07-24,0.64,4
3,2025-08-12,1.46,5
3,2025-08-24,0.71,2
3,2025-06-13,2.91,6
3,2025-07-03,2.64,2
3,2025-08-12,2.08,9
3,2025-07-17,2.07,13
3,2025-06-27,2.48,12
3,2025-06-16,1.14,2
3,2025-07-03,0.52,13
3,2025-08-02,0.97,12
3,2025-07-09,1.02,13
3,2025-07-08,1.09,15
3,2025-07-10,2.5,3
3,2025-08-02,1.8,7
3,2025-07-08,1.15,6
3,2025-06-06,1.19,15
4,2025-08-17,2.05,3
4,2025-07-28,1.6,2
4,2025-07-06,1.01,10
4,2025-06-19,1.81,3
4,2025-07-27,1.62,2
4,2025-07-11,2.56,4
4,2025-08-09,1.85,15
4,2025-06-01,2.61,2
4,2025-08-01,1.44,9
4,2025-06-21,1.01,12
4,2025-08-07,2.79,4
4,2025-08-18,1.83,6
4,2025-07-15,1.47,11
4,2025-06-21,2.57,10
4,2025-06-07,2.4,15
4,2025-07-23,2.11,9
4,2025-08-17,1.09,9
4,2025-06-18,2.84,15
4,2025-06-26,0.84,11
4,2025-08-06,0.81,9
4,2025-06-02,1.83,10
4,2025-08-03,1.65,6
4,2025-07-28,0.85,11
4,2025-07-13,1.35,14
4,2025-08-19,0.99,9
4,2025-08-08,1.77,12
4,2025-06-10,1.31,9
4,2025-08-27,2.87,11
4,2025-08-07,1.84,13
4,2025-06-05,1.1,10
4,2025-07-24,1.7,8
4,2025-06-05,1.58,8
4,2025-07-03,2.74,12
4,2025-08-27,2.67,13
4,2025-08-18,1.47,14
4,2025-06-18,2.2,6
4,2025-07-22,1.61,7
4,2025-08-14,2.9,7
4,2025-07-13,2.9,5
4,2025-07-18,1.65,11
4,2025-06-17,0.82,3
4,2025-07-02,0.96,4
4,2025-06-13,2.9,4
4,2025-06-10,2.0,11
4,2025-07-19,0.65,2
5,2025-06-14,1.74,10
5,2025-07-23,0.99,9
5,2025-08-06,2.7,12
5,2025-07-13,1.42,14
5,2025-08-14,1.54,6
5,2025-06-01,1.67,5
5,2025-07-23,1.57,5
5,2025-08-29,2.09,2
5,2025-08-07,1.66,6
5,2025-06-07,0.9,8
5,2025-07-26,2.95,8
5,2025-08-21,1.62,11
5,2025-07-28,0.65,3
5,2025-08-17,0.9,14
5,2025-08-15,2.19,12
5,2025-07-07,2.71,14
5,2025-07-12,2.5,7
5,2025-07-23,0.83,3
5,2025-08-03,0.51,7
5,2025-07-01,2.0,4
5,2025-08-14,2.94,15
5,2025-06-26,1.6,9
5,2025-06-30,1.23,7
5,2025-08-03,2.5,7
5,2025-08-29,2.97,9
5,2025-07-24,1.29,6
5,2025-06-27,1.88,14
5,2025-06-16,2.79,9
5,2025-06-21,2.44,9
5,2025-08-25,2.23,9
5,2025-07-17,2.93,15
5,2025-08-29,0.85,10
5,2025-08-05,1.99,5
5,2025-08-08,1.88,14
5,2025-08-09,2.52,7
6,2025-06-17,2.19,5
6,2025-08-01,1.79,5
6,2025-08-21,0.76,13
6,2025-08-18,2.09,4
6,2025-07-07,2.13,12
6,2025-06-08,1.48,11
6,2025-07-12,2.54,7
6,2025-06-06,1.03,9
6,2025-08-14,2.25,5
6,2025-06-17,1.95,3
6,2025-08-13,2.41,6
6,2025-08-18,2.22,2
6,2025-06-14,2.22,12
6,2025-08-13,1.34,15
6,2025-07-02,1.16,7
6,2025-06-12,1.55,10
6,2025-08-22,1.87,11
6,2025-08-29,2.5,7
6,2025-07-25,2.09,12
6,2025-07-07,2.92,8
6,2025-08-04,2.11,12
6,2025-08-01,1.98,4
6,2025-07-19,1.84,10
6,2025-08-27,1.1,3
6,2025-07-30,2.47,3
6,2025-08-04,2.14,10
6,2025-07-03,2.29,11
6,2025-07-02,2.67,2
6,2025-06-10,0.52,8
6,2025-08-26,2.04,13
6,2025-08-26,0.99,11
6,2025-08-21,1.84,10
6,2025-08-02,1.86,5
6,2025-07-10,1.02,9
6,2025-06-25,1.72,5
6,2025-08-07,3.0,6
6,2025-06-26,0.81,15
6,2025-07-16,2.59,15
6,2025-08-16,1.66,5
6,2025-06-30,0.73,14
6,2025-08-14,1.54,4
6,2025-08-21,1.94,14
7,2025-06-03,1.52,11
7,2025-07-27,1.09,5
7,2025-08-05,0.61,3
7,2025-08-10,2.67,5
7,2025-06-15,2.95,14
7,2025-07-01,1.13,4
7,2025-06-14,0.94,5
7,2025-08-06,0.55,5
7,2025-08-09,2.29,9
7,2025-06-27,1.21,11
7,2025-07-10,2.53,3
7,2025-07-12,0.99,13
7,2025-06-20,1.97,12
7,2025-07-03,0.98,14
7,2025-06-10,0.65,9
7,2025-07-10,0.91,3
7,2025-06-27,1.93,4
7,2025-08-21,2.28,9
7,2025-06-09,1.32,6
7,2025-07-20,2.66,3
7,2025-06-06,1.53,11
7,2025-08-07,2.89,15
7,2025-07-27,1.4,9
7,2025-06-14,1.25,11
7,2025-07-23,1.25,10
7,2025-07-15,2.55,12
7,2025-08-24,2.24,6
7,2025-06-29,1.15,4
7,2025-06-21,2.67,5
7,2025-06-29,0.78,11
7,2025-06-22,1.5,15
7,2025-06-02,2.12,3
7,2025-06-13,2.92,11
7,2025-07-19,2.01,4
7,2025-06-07,2.9,12
7,2025-06-30,1.24,14
7,2025-08-27,0.69,5
7,2025-08-12,2.68,5
7,2025-08-02,0.57,12
7,2025-06-18,1.19,3
7,2025-07-25,1.98,15
7,2025-08-23,2.22,13
8,2025-07-01,2.94,6
8,2025-06-22,1.81,10
8,2025-06-15,1.24,6
8,2025-06-06,2.14,5
8,2025-08-20,1.04,12
8,2025-06-25,2.53,14
8,2025-06-05,0.68,6
8,2025-08-24,2.95,12
8,2025-06-21,2.29,5
8,2025-06-02,1.29,12
8,2025-08-05,2.8,15
8,2025-08-13,2.25,6
8,2025-07-27,1.95,14
8,2025-06-01,0.73,4
8,2025-08-27,0.89,8
8,2025-06-19,0.73,7
8,2025-08-09,1.51,3
8,2025-07-25,0.98,9
8,2025-07-24,2.49,3
8,2025-07-07,1.1,12
8,2025-08-15,0.51,12
8,2025-07-08,0.86,8
8,2025-08-26,1.78,10
8,2025-07-12,1.18,2
8,2025-07-05,1.61,9
8,2025-07-31,1.25,3
8,2025-08-03,0.53,4
8,2025-07-25,1.37,9
8,2025-06-12,1.72,11
8,2025-06-18,2.9,8
8,2025-07-12,1.3,15
8,2025-07-25,0.59,9
8,2025-06-23,1.71,12
8,2025-07-20,2.41,3
8,2025-08-21,1.94,4
8,2025-06-05,0.69,14
8,2025-08-09,2.04,2
8,2025-07-10,2.72,11
8,2025-07-24,1.68,4
8,2025-06-13,2.96,4
8,2025-07-02,1.97,5
8,2025-06-22,1.55,5
9,2025-08-29,2.43,13
9,2025-07-02,1.04,7
9,2025-06-15,2.07,10
9,2025-08-18,1.73,3
9,2025-08-06,2.78,15
9,2025-08-02,2.03,14
9,2025-06-29,2.91,14
9,2025-07-25,2.88,9
9,2025-08-07,1.92,9
9,2025-06-24,2.92,7
9,2025-07-10,3.0,4
9,2025-06-07,1.72,10
9,2025-08-17,1.67,14
9,2025-06-04,2.04,12
9,2025-06-30,1.99,3
9,2025-08-29,1.94,6
9,2025-08-11,1.61,3
9,2025-08-02,1.41,6
9,2025-08-05,1.28,12
9,2025-08-06,0.75,6
9,2025-07-02,1.29,4
9,2025-08-23,0.75,14
9,2025-07-25,0.78,10
9,2025-06-17,1.13,13
9,2025-06-03,2.18,15
9,2025-06-09,0.66,15
9,2025-06-22,0.65,15
9,2025-08-12,1.82,7
9,2025-07-19,1.4,15
9,2025-07-20,2.93,2
9,2025-07-02,1.88,8
9,2025-06-05,2.61,3
9,2025-08-12,1.77,6
9,2025-06-27,2.64,8
9,2025-08-01,2.14,9
9,2025-06-17,1.0,14
9,2025-06-22,1.44,3
9,2025-08-01,2.17,11
9,2025-08-24,0.86,15
9,2025-06-16,1.03,2
9,2025-07-03,1.43,7
9,2025-07-29,1.73,13
9,2025-07-21,1.3,6
9,2025-06-20,2.09,15
10,2025-06-20,0.65,15
10,2025-06-25,1.99,13
10,2025-08-18,2.37,2
10,2025-06-10,1.02,15
10,2025-08-03,1.71,13
10,2025-07-30,2.24,11
10,2025-08-29,2.17,14
10,2025-07-17,2.44,10
10,2025-06-08,2.84,4
10,2025-08-12,2.3,6
10,2025-07-23,1.97,2
10,2025-06-25,2.81,6
10,2025-08-17,0.98,13
10,2025-07-22,1.37,5
10,2025-06-15,2.35,6
10,2025-07-23,2.16,7
10,2025-07-17,1.4,9
10,2025-08-28,2.35,15
10,2025-06-28,0.88,10
10,2025-08-24,2.9,13
10,2025-07-09,1.31,11
10,2025-07-21,2.76,8
10,2025-06-16,0.94,13
10,2025-08-13,1.95,15
10,2025-08-28,2.49,15
10,2025-06-18,0.63,7
10,2025-07-08,2.23,9
10,2025-06-30,2.1,4
10,2025-07-24,0.66,12
10,2025-08-25,1.49,5
10,2025-08-18,1.0,15
10,2025-06-12,2.52,7
10,2025-06-08,2.84,4
10,2025-06-07,1.98,2
10,2025-06-08,2.19,10
10,2025-08-03,2.28,15
11,2025-08-28,1.29,13
11,2025-07-10,1.37,4
11,2025-07-03,1.92,9
11,2025-06-19,2.22,6
11,2025-06-01,0.66,2
11,2025-08-26,1.63,10
11,2025-06-02,1.98,15
11,2025-07-22,2.46,14
11,2025-07-13,2.5,7
11,2025-07-29,2.03,13
11,2025-07-20,2.35,8
11,2025-06-30,2.23,12
11,2025-08-10,1.42,15
11,2025-06-11,2.23,8
11,2025-07-18,1.63,9
11,2025-07-25,2.87,10
11,2025-07-06,2.43,4
11,2025-07-27,2.78,9
11,2025-07-03,1.08,4
11,2025-07-23,1.71,15
11,2025-08-08,2.79,15
11,2025-06-13,1.08,15
11,2025-08-28,1.42,13
11,2025-06-25,2.42,9
11,2025-08-20,0.64,6
11,2025-08-15,1.24,12
11,2025-07-22,2.69,10
11,2025-07-07,2.9,3
11,2025-06-13,1.09,15
11,2025-06-06,2.85,7
11,2025-07-26,0.79,13
11,2025-08-23,2.63,8
11,2025-06-23,0.84,10
11,2025-07-03,2.8,15
11,2025-08-12,1.02,10
11,2025-08-19,1.27,8
11,2025-08-20,2.81,8
11,2025-08-11,1.41,6
11,2025-08-27,1.18,9
11,2025-06-17,0.91,14
11,2025-06-29,1.03,3
11,2025-07-07,1.04,9
11,2025-06-13,0.9,12
11,2025-08-10,1.59,9
11,2025-08-14,1.47,3
12,2025-06-14,0.63,2
12,2025-07-25,1.07,5
12,2025-06-17,1.58,7
12,2025-07-18,1.62,14
12,2025-07-06,3.0,6
12,2025-07-02,2.07,8
12,2025-07-08,2.26,5
12,2025-07-22,2.86,4
12,2025-08-06,1.49,7
12,2025-08-17,1.91,3
12,2025-07-01,0.51,13
12,2025-08-05,2.13,7
12,2025-08-10,1.53,2
12,2025-07-01,1.26,8
12,2025-07-09,2.52,2
12,2025-06-14,2.21,8
12,2025-06-24,1.3,13
12,2025-06-06,1.87,6
12,2025-06-07,2.73,6
12,2025-08-01,0.7,15
12,2025-08-12,1.09,11
12,2025-07-20,1.44,6
12,2025-07-03,2.21,9
12,2025-07-26,2.41,10
12,2025-07-28,2.26,10
12,2025-08-15,1.69,6
12,2025-07-23,1.71,2
12,2025-07-02,1.47,15
12,2025-06-16,1.39,3
12,2025-07-29,1.16,4
12,2025-08-15,2.16,9
12,2025-07-20,2.37,14
12,2025-06-13,0.6,6
12,2025-06-19,1.33,14
12,2025-07-06,2.25,14
12,2025-06-07,0.61,6
12,2025-07-26,1.81,4
12,2025-06-01,1.77,5
12,2025-08-18,2.15,9
12,2025-08-16,1.56,14
12,2025-08-21,0.92,12
12,2025-08-28,1.9,11
12,2025-07-02,2.9,4
12,2025-08-23,1.18,5
12,2025-06-04,2.85,7
12,2025-07-19,0.59,9
13,2025-08-01,1.34,11
13,2025-08-17,1.17,7
13,2025-06-28,2.0,8
13,2025-08-15,2.29,13
13,2025-06-08,1.21,8
13,2025-08-28,1.73,5
13,2025-06-07,1.71,6
13,2025-08-17,2.67,12
13,2025-07-08,1.06,9
13,2025-06-06,1.56,5
13,2025-08-05,2.82,11
13,2025-07-03,0.9,8
13,2025-07-06,0.96,13
13,2025-06-11,2.18,9
13,2025-08-09,2.46,4
13,2025-07-07,0.79,14
13,2025-06-11,1.8,8
13,2025-07-15,2.54,3
13,2025-07-16,1.27,7
13,2025-07-02,2.04,7
13,2025-07-12,2.91,5
13,2025-07-14,2.72,4
13,2025-06-09,2.88,12
13,2025-07-05,0.85,6
13,2025-06-15,2.02,9
13,2025-06-13,2.96,6
13,2025-06-28,1.72,14
14,2025-08-19,0.98,3
14,2025-06-21,1.29,8
14,2025-07-29,2.65,15
14,2025-06-26,1.52,3
14,2025-06-14,1.11,5
14,2025-08-13,0.76,14
14,2025-06-10,2.67,15
14,2025-06-23,2.76,11
14,2025-07-12,0.92,11
14,2025-07-20,2.55,5
14,2025-08-16,2.95,15
14,2025-07-22,1.4,9
14,2025-08-16,1.0,13
14,2025-06-14,0.7,6
14,2025-08-10,2.12,2
14,2025-07-08,0.86,14
14,2025-08-16,0.53,9
14,2025-08-23,1.4,4
14,2025-07-25,1.42,5
14,2025-06-26,1.27,9
14,2025-07-05,2.92,4
14,2025-06-21,1.59,8
14,2025-07-08,2.71,10
14,2025-07-09,1.35,12
14,2025-08-20,2.79,12
14,2025-07-06,1.58,5
14,2025-07-22,0.57,12
14,2025-08-05,2.05,9
14,2025-06-12,1.68,13
15,2025-08-17,0.68,2
15,2025-07-04,0.57,10
15,2025-08-12,2.36,3
15,2025-06-12,2.86,5
15,2025-08-21,2.73,13
15,2025-06-06,1.1,5
15,2025-06-21,0.8,13
15,2025-08-15,1.11,10
15,2025-06-24,0.64,13
15,2025-08-09,1.95,9
15,2025-08-21,1.95,6
15,2025-07-15,2.16,8
15,2025-08-19,2.62,5
15,2025-07-03,2.93,6
15,2025-08-02,1.45,2
15,2025-07-07,1.93,6
15,2025-07-21,0.84,2
15,2025-07-04,2.09,9
15,2025-08-29,1.36,5
15,2025-06-26,1.73,15
15,2025-08-09,2.89,7
15,2025-06-19,1.42,4
15,2025-08-18,2.17,10
15,2025-08-03,1.9,2
15,2025-07-13,1.81,11
15,2025-08-14,1.85,14
15,2025-08-12,2.16,5
15,2025-07-02,1.08,9
15,2025-07-10,2.43,4
15,2025-07-04,2.11,6
15,2025-06-14,2.14,3
15,2025-06-10,1.84,10
15,2025-07-12,1.47,6
15,2025-08-20,0.62,5
15,2025-07-23,1.12,13
15,2025-08-15,1.89,7
15,2025-08-10,2.34,8
15,2025-08-14,0.77,14
15,2025-08-24,1.45,8
15,2025-07-27,1.48,13
15,2025-08-15,0.83,5
16,2025-08-16,0.92,9
16,2025-08-09,2.7,14
16,2025-06-17,1.56,9
16,2025-08-27,2.39,13
16,2025-07-25,1.2,4
16,2025-07-30,2.47,14
16,2025-08-10,1.78,5
16,2025-08-13,0.65,15
16,2025-06-05,1.71,3
16,2025-06-15,1.24,15
16,2025-08-21,0.98,12
16,2025-06-29,2.87,14
16,2025-07-28,0.61,15
16,2025-07-21,1.56,9
16,2025-06-26,1.7,6
16,2025-06-03,0.61,11
16,2025-08-02,1.85,3
16,2025-07-31,1.98,9
16,2025-06-25,2.08,12
16,2025-06-21,2.68,14
16,2025-06-24,0.7,2
16,2025-06-03,0.72,8
16,2025-08-14,1.26,5
16,2025-07-14,0.98,7
16,2025-06-03,0.94,9
16,2025-08-22,1.39,11
16,2025-06-19,2.75,7
16,2025-08-27,1.24,8
16,2025-07-08,1.19,10
16,2025-06-23,2.55,7
16,2025-07-07,2.43,4
16,2025-07-17,1.95,15
16,2025-06-10,0.8,2
16,2025-06-20,2.87,12
16,2025-07-23,2.67,3
16,2025-07-02,1.82,3
16,2025-07-09,2.86,11
16,2025-06-04,2.12,15
16,2025-06-23,2.55,2
16,2025-07-05,1.54,9
16,2025-06-03,0.6,11
16,2025-06-17,2.79,15
16,2025-06-24,0.58,8
16,2025-08-19,1.64,13
16,2025-08-03,2.18,2
16,2025-07-25,2.68,7
17,2025-06-19,2.59,8
17,2025-06-19,1.42,2
17,2025-08-13,0.95,4
17,2025-06-02,2.1,10
17,2025-08-09,1.16,2
17,2025-07-07,0.58,5
17,2025-08-21,2.9,4
17,2025-06-05,2.62,13
17,2025-08-20,1.65,12
17,2025-06-29,1.53,13
17,2025-06-22,0.83,14
17,2025-06-26,2.08,10
17,2025-08-16,0.86,15
17,2025-07-02,0.99,13
17,2025-06-11,0.5,12
17,2025-06-20,1.98,15
17,2025-07-23,0.7,15
17,2025-06-28,0.56,10
17,2025-08-14,0.74,4
17,2025-08-02,2.96,7
17,2025-08-04,2.34,13
17,2025-06-09,1.58,2
17,2025-06-21,2.37,7
17,2025-07-17,1.64,15
17,2025-08-29,0.56,14
17,2025-07-16,1.71,2
17,2025-06-09,0.51,6
17,2025-08-18,1.04,10
17,2025-08-14,1.69,15
17,2025-06-21,1.88,14
17,2025-07-17,2.46,13
17,2025-07-12,0.76,11
17,2025-07-29,2.1,5
17,2025-08-27,2.76,10
17,2025-06-18,2.03,11
17,2025-07-30,0.81,8
17,2025-08-12,2.57,9
17,2025-06-20,1.19,13
17,2025-06-15,2.66,2
17,2025-06-19,2.1,4
17,2025-08-25,2.83,14
17,2025-06-04,0.62,12
17,2025-06-21,1.92,13
17,2025-07-10,2.14,13
17,2025-06-19,1.8,15
18,2025-07-30,1.96,7
18,2025-06-23,1.6,2
18,2025-07-27,0.62,11
18,2025-06-11,2.18,15
18,2025-08-23,1.93,6
18,2025-07-29,1.73,11
18,2025-08-05,2.2,8
18,2025-08-06,0.53,13
18,2025-08-17,1.04,2
18,2025-08-12,1.96,12
18,2025-06-09,2.22,15
18,2025-06-01,1.07,14
18,2025-08-09,1.34,5
18,2025-08-06,1.14,2
18,2025-08-26,1.39,6
18,2025-06-08,2.02,8
18,2025-07-15,1.01,15
18,2025-08-21,1.85,3
18,2025-07-05,0.79,13
18,2025-06-01,1.89,3
18,2025-08-23,1.03,15
18,2025-06-20,2.62,3
18,2025-08-17,2.35,13
18,2025-08-25,0.86,9
18,2025-08-16,0.66,9
18,2025-07-15,2.29,5
18,2025-06-14,1.52,7
18,2025-06-06,2.8,7
18,2025-07-25,1.68,2
18,2025-06-17,2.64,6
18,2025-07-29,1.31,13
18,2025-07-14,1.35,10
18,2025-06-30,1.67,15
18,2025-06-03,1.73,13
18,2025-07-14,1.77,4
18,2025-08-02,2.89,6
18,2025-08-11,1.3,11
18,2025-08-25,1.76,5
19,2025-08-09,1.16,3
19,2025-07-22,2.04,3
19,2025-06-14,0.73,10
19,2025-07-25,2.04,13
19,2025-06-28,0.7,11
19,2025-07-13,2.95,4
19,2025-07-13,2.02,11
19,2025-06-19,1.69,12
19,2025-08-07,0.85,14
19,2025-07-12,2.31,12
19,2025-06-16,0.91,5
19,2025-06-26,1.3,4
19,2025-08-22,2.15,13
19,2025-08-10,2.49,11
19,2025-08-09,1.03,8
19,2025-08-26,2.49,14
19,2025-06-15,0.78,10
19,2025-08-14,0.69,13
19,2025-08-18,0.8,9
19,2025-07-23,2.95,13
19,2025-07-10,2.87,11
19,2025-07-22,1.81,8
19,2025-06-22,0.58,3
19,2025-06-28,2.84,7
19,2025-08-12,0.91,4
19,2025-06-12,2.03,9
19,2025-06-01,0.89,8
19,2025-06-14,0.95,4
19,2025-06-22,2.66,15
19,2025-07-16,2.04,7
19,2025-08-23,2.99,3
19,2025-08-24,2.8,12
19,2025-08-25,2.59,4
19,2025-06-19,0.93,11
19,2025-07-28,1.17,5
19,2025-06-18,1.37,5
19,2025-07-15,2.22,11
19,2025-06-24,1.01,9
19,2025-08-03,2.4,9
19,2025-08-24,2.25,4
19,2025-06-28,1.28,5
20,2025-06-23,1.53,4
20,2025-07-25,1.43,15
20,2025-06-08,1.78,10
20,2025-08-18,0.66,8
20,2025-08-15,0.68,8
20,2025-07-31,1.19,12
20,2025-08-18,2.37,11
20,2025-06-18,1.27,2
20,2025-06-23,1.96,9
20,2025-06-11,1.37,15
20,2025-06-13,2.71,8
20,2025-06-23,2.92,13
20,2025-06-13,0.89,7
20,2025-06-25,1.73,12
20,2025-07-01,2.28,10
20,2025-07-01,2.1,12
20,2025-08-03,0.78,13
20,2025-08-03,1.03,8
20,2025-06-08,0.74,8
20,2025-07-10,2.64,7
20,2025-06-25,2.84,10
20,2025-06-16,0.71,10
20,2025-06-21,2.72,8
20,2025-08-15,1.14,10
20,2025-07-01,2.41,11
20,2025-08-09,1.04,3
20,2025-08-06,1.52,13
20,2025-07-29,1.71,6
20,2025-06-28,2.42,3
20,2025-07-02,2.2,4
20,2025-07-17,2.25,6
20,2025-08-14,2.26,2
20,2025-07-21,1.17,10
20,2025-07-19,1.18,12
20,2025-06-08,2.4,12
20,2025-08-20,0.68,6
20,2025-08-16,0.57,4
20,2025-08-04,0.61,10
20,2025-06-02,1.43,12
20,2025-08-08,1.42,2
20,2025-06-25,0.7,10
21,2025-07-02,0.54,4
21,2025-07-09,0.63,11
21,2025-06-06,0.64,12
21,2025-07-22,1.63,9
21,2025-07-26,2.73,11
21,2025-08-04,1.42,7
21,2025-08-06,1.37,3
21,2025-08-07,2.18,8
21,2025-08-04,0.5,9
21,2025-07-23,0.58,13
21,2025-07-20,2.96,10
21,2025-08-24,0.88,5
21,2025-06-16,1.96,4
21,2025-08-09,1.65,13
21,2025-08-23,2.94,2
21,2025-08-16,0.65,10
21,2025-08-24,2.01,8
21,2025-08-01,2.59,4
21,2025-07-21,0.65,9
21,2025-07-12,1.38,3
21,2025-07-10,2.52,6
21,2025-06-13,2.0,3
21,2025-07-11,2.74,3
21,2025-06-02,1.17,3
21,2025-06-13,1.66,12
21,2025-07-11,0.94,9
21,2025-06-03,0.96,13
21,2025-07-28,1.23,2
21,2025-06-09,0.67,3
22,2025-07-04,1.63,15
22,2025-08-17,2.52,7
22,2025-07-31,1.92,14
22,2025-07-31,1.42,14
22,2025-08-17,1.46,13
22,2025-06-18,1.89,9
22,2025-07-18,1.52,7
22,2025-06-15,0.5,9
22,2025-06-04,1.43,15
22,2025-07-03,1.47,12
22,2025-06-17,2.18,3
22,2025-07-14,2.82,6
22,2025-06-13,0.95,6
22,2025-06-03,2.68,13
22,2025-06-11,1.32,7
22,2025-06-01,2.45,14
22,2025-07-29,2.5,10
22,2025-07-15,1.7,3
22,2025-07-09,2.58,12
22,2025-07-06,1.95,12
22,2025-06-15,1.24,2
22,2025-08-01,2.18,3
22,2025-08-10,1.1,15
22,2025-06-02,2.38,7
22,2025-07-19,1.37,12
22,2025-07-07,2.81,4
22,2025-07-02,2.98,4
22,2025-07-06,2.47,3
22,2025-07-27,1.05,9
22,2025-07-03,1.41,4
23,2025-08-18,1.8,15
23,2025-08-22,0.61,4
23,2025-07-17,1.6,10
23,2025-06-18,1.75,8
23,2025-07-26,1.78,6
23,2025-07-11,2.74,10
23,2025-06-20,0.87,6
23,2025-07-31,2.54,15
23,2025-07-15,1.26,9
23,2025-08-04,1.26,15
23,2025-06-21,2.82,12
23,2025-07-31,2.58,12
23,2025-06-16,0.63,8
23,2025-08-22,2.91,12
23,2025-07-03,1.32,10
23,2025-06-09,0.65,14
23,2025-07-27,2.05,10
23,2025-07-02,1.34,9
23,2025-08-17,0.58,15
23,2025-07-22,2.89,10
23,2025-07-27,2.49,8
23,2025-08-09,1.68,8
23,2025-07-05,1.23,2
23,2025-08-22,2.56,8
23,2025-06-17,2.29,12
23,2025-06-09,1.3,13
23,2025-07-08,1.59,14
23,2025-07-08,0.67,7
23,2025-06-11,0.53,3
23,2025-06-08,0.92,14
23,2025-06-25,1.27,5
23,2025-07-23,1.23,15
23,2025-07-26,1.67,9
23,2025-06-21,2.36,5
23,2025-06-26,1.27,5
23,2025-06-25,2.91,11
23,2025-07-17,1.02,7
23,2025-07-20,2.9,10
23,2025-08-23,1.52,4
23,2025-08-03,1.99,5
24,2025-06-30,2.81,14
24,2025-07-07,2.18,15
24,2025-07-14,0.71,7
24,2025-07-13,1.22,15
24,2025-08-25,2.91,4
24,2025-07-31,0.76,3
24,2025-06-21,2.16,7
24,2025-08-29,2.15,11
24,2025-07-29,2.61,5
24,2025-07-10,1.26,10
24,2025-07-17,2.22,8
24,2025-07-13,2.16,9
24,2025-07-19,1.87,15
24,2025-06-17,2.61,10
24,2025-06-25,2.67,15
24,2025-07-08,1.73,9
24,2025-06-18,1.35,3
24,2025-06-09,1.77,8
24,2025-08-17,0.89,13
24,2025-08-08,2.9,11
24,2025-08-24,2.97,11
24,2025-06-23,2.88,2
24,2025-06-27,1.63,3
24,2025-07-27,1.24,12
24,2025-08-28,1.2,5
24,2025-08-23,0.57,3
24,2025-08-08,2.99,5
24,2025-06-26,2.08,13
24,2025-06-15,2.53,5
24,2025-06-05,1.57,6
24,2025-08-13,1.54,4
24,2025-07-04,2.12,5
24,2025-07-25,1.18,13
24,2025-07-28,1.46,6
24,2025-07-05,1.79,7
24,2025-07-27,2.91,3
25,2025-08-03,1.79,6
25,2025-07-08,1.62,12
25,2025-08-04,1.72,11
25,2025-07-07,1.56,4
25,2025-07-19,1.63,7
25,2025-07-09,2.02,10
25,2025-08-04,0.99,3
25,2025-07-14,2.63,4
25,2025-08-26,2.29,11
25,2025-06-08,1.36,15
25,2025-08-24,0.65,12
25,2025-07-09,2.81,5
25,2025-06-24,2.74,11
25,2025-07-04,2.62,6
25,2025-08-06,0.86,13
25,2025-06-01,0.51,7
25,2025-07-12,0.58,13
25,2025-07-11,2.08,8
25,2025-06-03,2.43,9
25,2025-06-09,0.75,5
25,2025-07-13,0.81,12
25,2025-06-07,2.53,6
25,2025-06-26,0.93,4
25,2025-06-16,0.73,3
25,2025-08-06,1.59,14
25,2025-08-27,2.45,10
25,2025-08-21,1.53,7
25,2025-08-28,1.26,12
25,2025-08-06,2.08,4
25,2025-06-07,0.71,14
25,2025-08-17,0.59,12
25,2025-08-13,2.2,11
25,2025-07-03,0.58,4
25,2025-07-28,2.66,8
25,2025-07-10,1.65,13
25,2025-08-24,1.01,3
25,2025-06-16,1.12,2
25,2025-07-25,1.9,15
26,2025-06-12,2.48,12
26,2025-08-08,0.72,6
26,2025-08-11,2.24,11
26,2025-06-08,2.66,8
26,2025-07-15,0.52,2
26,2025-08-26,2.91,4
26,2025-08-08,2.67,13
26,2025-08-23,0.57,9
26,2025-07-17,2.41,9
26,2025-07-09,0.51,4
26,2025-07-24,0.91,6
26,2025-08-15,0.97,3
26,2025-06-11,1.75,6
26,2025-08-15,2.9,2
26,2025-08-04,0.72,6
26,2025-07-24,2.0,2
26,2025-08-02,2.35,6
26,2025-06-09,1.41,10
26,2025-08-25,2.69,4
26,2025-07-19,1.73,5
26,2025-08-27,1.47,4
26,2025-06-15,2.32,7
26,2025-08-28,0.87,10
26,2025-08-20,2.89,3
26,2025-07-14,2.6,12
26,2025-08-20,0.71,10
26,2025-07-31,2.72,3
27,2025-06-10,1.4,7
27,2025-07-06,0.8,10
27,2025-08-13,1.34,3
27,2025-08-24,0.52,13
27,2025-07-28,1.68,5
27,2025-08-14,1.08,9
27,2025-07-29,0.97,5
27,2025-07-06,2.31,13
27,2025-07-15,1.42,11
27,2025-08-19,0.9,3
27,2025-06-07,2.47,6
27,2025-08-07,1.2,4
27,2025-08-06,1.28,15
27,2025-06-02,2.12,8
27,2025-07-13,0.81,10
27,2025-06-05,1.55,14
27,2025-08-22,2.52,3
27,2025-08-03,0.95,9
27,2025-08-21,2.46,9
27,2025-07-11,1.83,15
27,2025-07-26,1.88,6
27,2025-07-12,1.89,15
27,2025-08-19,2.98,15
27,2025-07-22,2.36,7
27,2025-06-14,0.94,12
27,2025-06-30,2.63,8
27,2025-07-25,2.99,4
27,2025-08-12,0.92,2
27,2025-07-26,1.06,14
27,2025-06-10,1.73,14
27,2025-06-02,0.95,15
27,2025-08-21,0.54,14
27,2025-08-08,2.06,6
27,2025-07-21,1.1,5
27,2025-06-05,0.67,8
27,2025-07-10,1.29,9
27,2025-07-18,2.4,13
27,2025-08-28,2.49,10
27,2025-06-13,2.15,14
27,2025-08-25,2.32,13
27,2025-07-26,1.55,7
27,2025-08-04,1.97,9
27,2025-08-20,2.63,3
27,2025-06-15,1.42,10
27,2025-06-16,0.6,9
27,2025-08-23,0.98,2
27,2025-07-23,1.55,12
28,2025-06-14,2.66,10
28,2025-08-03,1.77,15
28,2025-07-07,0.96,12
28,2025-07-24,2.64,4
28,2025-08-22,1.98,7
28,2025-07-04,2.21,2
28,2025-06-26,1.17,14
28,2025-06-16,2.16,4
28,2025-06-19,1.49,10
28,2025-07-12,0.59,11
28,2025-06-25,1.98,14
28,2025-08-21,2.54,12
28,2025-08-20,1.41,7
28,2025-08-13,0.95,14
28,2025-06-10,2.14,7
28,2025-07-10,1.48,6
28,2025-06-19,1.3,10
28,2025-08-27,1.24,14
28,2025-07-24,2.74,3
28,2025-06-27,2.03,15
28,2025-08-17,1.74,12
28,2025-07-12,2.3,13
28,2025-07-15,2.37,14
28,2025-07-19,1.99,13
28,2025-07-09,2.83,10
28,2025-08-12,1.35,2
28,2025-08-23,2.51,9
28,2025-06-30,1.55,10
28,2025-07-28,1.18,8
28,2025-06-14,2.61,6
28,2025-07-19,2.94,8
28,2025-07-19,0.67,12
28,2025-06-21,2.29,13
28,2025-08-14,2.61,10
28,2025-07-13,2.51,7
28,2025-08-02,0.52,3
28,2025-08-27,1.08,13
28,2025-07-07,2.86,13
28,2025-08-28,0.9,10
28,2025-07-10,2.24,14
28,2025-08-26,1.82,3
28,2025-08-10,2.49,2
28,2025-06-05,2.62,7
28,2025-08-07,1.57,2
29,2025-06-14,1.17,8
29,2025-07-31,0.89,8
29,2025-07-14,1.06,9
29,2025-07-13,0.61,5
29,2025-08-09,1.54,2
29,2025-06-06,0.86,8
29,2025-06-02,0.96,2
29,2025-06-07,2.54,10
29,2025-07-31,1.05,10
29,2025-06-17,0.72,4
29,2025-08-28,0.51,14
29,2025-07-02,0.93,14
29,2025-08-14,2.38,4
29,2025-07-22,2.17,3
29,2025-06-29,2.89,9
29,2025-07-28,1.74,12
29,2025-06-09,0.87,15
29,2025-06-13,2.79,6
29,2025-08-11,0.56,12
29,2025-06-11,0.72,14
29,2025-08-01,2.64,3
29,2025-07-28,2.97,12
29,2025-08-05,2.06,14
29,2025-07-12,1.44,7
29,2025-07-28,1.51,13
29,2025-06-17,2.48,5
29,2025-08-08,2.42,10
29,2025-07-11,2.3,15
29,2025-08-21,2.22,12
29,2025-08-02,0.58,3
29,2025-06-08,1.45,9
29,2025-06-06,2.66,2
29,2025-08-11,2.14,15
29,2025-07-29,1.97,13
29,2025-08-25,1.52,13
29,2025-07-09,1.07,12
29,2025-06-07,0.74,15
29,2025-07-08,0.52,5
29,2025-08-02,1.52,11
29,2025-06-05,1.7,11
29,2025-07-25,2.68,15
30,2025-06-28,2.56,11
30,2025-07-09,2.87,14
30,2025-06-22,2.08,14
30,2025-06-20,0.83,2
30,2025-07-28,1.45,6
30,2025-08-08,1.2,12
30,2025-06-30,2.26,13
30,2025-06-12,1.94,15
30,2025-08-21,1.12,15
30,2025-07-02,2.62,5
30,2025-07-19,2.01,5
30,2025-06-23,2.85,12
30,2025-06-16,2.13,7
30,2025-06-09,2.55,8
30,2025-07-23,0.82,15
30,2025-07-21,0.92,12
30,2025-08-10,0.54,4
30,2025-07-20,1.91,15
30,2025-06-04,1.89,8
30,2025-07-30,2.35,4
30,2025-07-31,1.22,14
30,2025-07-25,1.97,12
30,2025-08-09,2.66,15
30,2025-07-23,1.97,6
30,2025-07-02,2.63,6
30,2025-08-18,2.21,2
30,2025-08-13,1.84,11
30,2025-06-08,0.78,11
30,2025-08-21,1.67,10
30,2025-06-21,1.91,10
30,2025-08-05,1.51,12
30,2025-06-11,2.88,9
30,2025-06-30,0.54,3
30,2025-08-18,2.14,14
30,2025-07-06,1.81,15
30,2025-06-18,2.81,6
30,2025-06-07,1.31,10
30,2025-06-09,0.87,7
30,2025-07-24,1.99,13
30,2025-06-18,1.29,2
30,2025-06-11,0.72,11
31,2025-08-23,1.56,10
31,2025-08-10,1.66,12
31,2025-06-25,2.79,11
31,2025-06-17,2.75,13
31,2025-08-26,0.72,8
31,2025-06-24,2.67,6
31,2025-06-03,1.25,11
31,2025-06-24,1.7,13
31,2025-08-14,2.05,7
31,2025-08-01,2.31,6
31,2025-07-30,2.73,6
31,2025-08-21,1.8,12
31,2025-06-17,2.93,6
31,2025-07-28,2.09,3
31,2025-08-21,1.54,7
31,2025-08-22,1.76,13
31,2025-06-27,1.84,14
31,2025-07-26,2.26,15
31,2025-08-01,2.72,10
31,2025-07-15,1.47,11
31,2025-06-17,2.38,7
31,2025-06-14,0.74,7
31,2025-07-04,1.39,10
31,2025-08-08,1.68,15
31,2025-08-10,2.14,13
31,2025-08-26,1.81,7
31,2025-07-19,1.0,9
31,2025-08-25,2.11,12
31,2025-07-19,2.39,11
31,2025-08-21,1.82,2
31,2025-06-19,0.81,9
31,2025-08-02,2.57,12
31,2025-06-30,0.52,13
31,2025-07-13,0.73,14
31,2025-07-25,2.41,9
31,2025-07-13,2.79,5
31,2025-07-03,2.76,8
31,2025-07-10,2.31,15
31,2025-08-08,2.37,13
31,2025-06-13,0.96,13
31,2025-08-11,2.48,12
31,2025-06-23,2.16,11
31,2025-08-13,2.72,6
31,2025-06-24,1.63,2
32,2025-06-04,1.72,8
32,2025-06-29,0.73,4
32,2025-07-20,1.42,9
32,2025-08-15,2.37,6
32,2025-06-18,1.82,8
32,2025-07-03,1.97,4
32,2025-07-07,2.56,13
32,2025-07-02,1.99,9
32,2025-06-13,1.6,4
32,2025-06-23,2.72,13
32,2025-07-30,0.68,9
32,2025-07-31,2.36,8
32,2025-08-19,2.8,12
32,2025-08-01,0.65,5
32,2025-08-21,1.0,11
32,2025-06-29,2.17,2
32,2025-06-06,1.82,3
32,2025-07-28,1.53,12
32,2025-07-28,2.43,13
32,2025-08-08,0.77,5
32,2025-07-08,1.83,9
32,2025-08-19,2.1,10
32,2025-07-30,2.44,4
32,2025-08-19,1.0,9
32,2025-06-03,2.49,9
32,2025-07-21,2.8,13
32,2025-06-04,1.94,13
32,2025-08-18,1.0,10
32,2025-07-23,0.65,4
32,2025-06-11,1.76,10
32,2025-08-21,2.69,9
32,2025-07-05,1.62,14
32,2025-06-16,2.94,3
32,2025-08-04,1.51,11
32,2025-08-23,0.81,13
32,2025-08-25,0.63,7
32,2025-08-24,2.83,3
32,2025-08-16,2.77,6
32,2025-06-23,1.89,15
32,2025-07-05,2.44,7
32,2025-08-18,0.99,10
33,2025-06-25,1.82,12
33,2025-08-29,0.55,10
33,2025-08-26,1.09,8
33,2025-07-19,2.03,11
33,2025-08-25,0.62,3
33,2025-06-02,2.96,12
33,2025-07-03,2.27,10
33,2025-08-17,1.25,8
33,2025-06-17,1.44,9
33,2025-06-01,2.64,15
33,2025-07-20,1.36,12
33,2025-06-03,1.59,2
33,2025-06-01,1.32,12
33,2025-08-20,2.06,3
33,2025-06-09,1.55,7
33,2025-07-13,1.14,5
33,2025-06-09,2.19,11
33,2025-07-11,1.21,11
33,2025-07-29,1.86,10
33,2025-06-24,0.53,5
33,2025-06-22,0.88,10
33,2025-08-27,2.83,10
33,2025-07-27,1.36,12
33,2025-06-07,2.26,7
33,2025-06-22,2.31,3
33,2025-07-04,1.35,4
33,2025-07-27,0.73,5
33,2025-07-03,1.3,13
33,2025-08-21,2.95,7
33,2025-07-25,1.82,8
33,2025-07-11,1.83,2
33,2025-07-30,2.13,7
34,2025-07-30,1.16,11
34,2025-06-24,0.58,12
34,2025-07-10,1.32,10
34,2025-06-02,1.59,6
34,2025-07-02,2.23,8
34,2025-07-18,0.93,9
34,2025-08-28,0.84,13
34,2025-08-28,0.6,8
34,2025-07-14,0.79,13
34,2025-06-11,2.16,14
34,2025-08-13,1.9,12
34,2025-08-06,2.09,10
34,2025-07-12,0.89,10
34,2025-06-19,1.24,15
34,2025-06-17,1.65,5
34,2025-07-02,0.66,5
34,2025-08-28,2.54,9
34,2025-08-22,1.86,2
34,2025-06-16,2.18,13
34,2025-07-10,2.29,12
34,2025-06-20,1.46,7
34,2025-08-10,2.58,9
34,2025-06-15,2.87,14
34,2025-06-06,1.37,8
34,2025-07-18,2.7,5
35,2025-07-22,2.06,4
35,2025-06-09,0.76,2
35,2025-06-23,1.0,12
35,2025-08-06,2.97,8
35,2025-06-08,0.85,4
35,2025-06-06,1.49,15
35,2025-06-11,0.92,12
35,2025-06-26,2.13,5
35,2025-08-04,0.86,6
35,2025-06-23,2.24,13
35,2025-07-27,1.94,12
35,2025-06-18,2.65,12
35,2025-08-24,2.89,10
35,2025-06-30,2.43,15
35,2025-06-19,1.38,5
35,2025-07-19,1.8,13
35,2025-07-06,2.38,5
35,2025-08-21,2.76,14
35,2025-07-25,2.61,6
35,2025-08-21,0.71,7
35,2025-08-03,0.74,4
35,2025-08-16,1.92,15
35,2025-08-12,2.61,13
35,2025-08-21,2.68,13
35,2025-08-16,1.69,7
35,2025-06-01,1.53,2
35,2025-08-25,2.93,13
35,2025-06-17,1.01,3
35,2025-06-25,2.67,10
35,2025-07-04,0.76,15
35,2025-07-03,1.73,4
35,2025-08-17,1.22,10
35,2025-07-17,2.68,2
35,2025-08-24,1.98,5
35,2025-07-23,2.83,9
35,2025-07-31,2.69,4
35,2025-06-01,2.69,11
35,2025-07-02,1.53,14
35,2025-07-22,0.66,4
35,2025-06-21,2.1,15
35,2025-08-07,0.58,2
35,2025-07-14,2.17,4
35,2025-08-21,1.27,7
36,2025-08-27,1.89,2
36,2025-07-24,1.6,13
36,2025-07-02,2.36,13
36,2025-07-03,1.14,13
36,2025-07-22,1.05,3
36,2025-06-02,1.72,11
36,2025-07-22,1.31,5
36,2025-08-10,1.26,10
36,2025-07-22,0.82,5
36,2025-07-25,1.91,9
36,2025-07-13,2.7,9
36,2025-07-06,0.64,6
36,2025-07-01,1.87,7
36,2025-06-13,2.73,3
36,2025-06-12,2.72,10
36,2025-06-28,2.58,13
36,2025-06-13,0.84,12
36,2025-07-29,0.82,3
36,2025-06-02,1.8,7
36,2025-07-29,2.38,13
36,2025-08-11,2.83,15
36,2025-06-28,0.56,9
36,2025-07-23,0.54,12
36,2025-08-28,2.43,4
36,2025-06-27,1.19,15
36,2025-07-09,2.83,7
36,2025-07-15,1.56,2
36,2025-07-25,0.62,4
36,2025-06-23,2.39,3
36,2025-08-25,1.35,15
36,2025-07-01,2.87,4
36,2025-07-25,2.63,2
36,2025-08-24,2.68,14
36,2025-06-25,0.76,13
36,2025-06-10,2.34,8
37,2025-06-27,2.95,5
37,2025-06-05,1.85,5
37,2025-06-05,2.64,7
37,2025-06-19,2.66,11
37,2025-06-22,1.4,14
37,2025-07-07,1.48,13
37,2025-07-05,2.71,2
37,2025-06-30,1.3,13
37,2025-08-14,1.02,4
37,2025-07-14,1.04,9
37,2025-07-25,2.12,8
37,2025-06-09,2.96,4
37,2025-07-29,0.53,14
37,2025-08-20,2.56,12
37,2025-07-12,0.56,4
37,2025-07-27,0.62,3
37,2025-08-23,2.09,4
37,2025-08-06,0.83,4
37,2025-07-05,2.96,6
37,2025-07-02,0.91,4
37,2025-06-01,0.92,2
38,2025-08-18,1.16,4
38,2025-07-02,1.92,10
38,2025-07-28,2.84,4
38,2025-06-21,3.0,12
38,2025-06-30,0.62,15
38,2025-06-13,2.07,7
38,2025-06-04,2.59,6
38,2025-07-26,1.18,3
38,2025-06-22,2.62,12
38,2025-07-13,2.1,7
38,2025-07-18,1.3,13
38,2025-06-03,2.97,13
38,2025-07-11,1.92,5
38,2025-07-31,1.44,11
38,2025-07-15,1.6,12
38,2025-08-19,0.52,6
38,2025-08-07,1.16,8
38,2025-06-23,0.54,3
38,2025-06-07,2.13,5
38,2025-07-03,0.61,8
38,2025-08-12,1.0,8
38,2025-07-04,1.84,14
38,2025-06-28,1.54,10
38,2025-07-06,2.58,5
38,2025-07-23,0.82,15
38,2025-06-17,0.76,5
38,2025-07-12,2.57,12
38,2025-08-12,2.29,9
38,2025-08-13,2.8,10
38,2025-06-19,2.31,6
38,2025-07-18,2.02,15
38,2025-06-08,1.1,2
38,2025-07-09,1.86,6
38,2025-07-30,0.74,4
38,2025-06-15,2.22,4
38,2025-06-14,1.74,8
38,2025-07-30,0.58,10
38,2025-06-01,1.44,2
38,2025-08-22,2.29,8
38,2025-06-01,1.46,6
38,2025-07-27,0.95,5
39,2025-06-15,2.63,6
39,2025-06-20,1.76,12
39,2025-08-12,2.95,3
39,2025-08-28,1.19,9
39,2025-08-22,1.77,4
39,2025-08-07,0.63,6
39,2025-07-15,0.67,8
39,2025-08-12,2.42,3
39,2025-08-12,0.8,6
39,2025-06-08,2.49,7
39,2025-06-13,2.64,2
39,2025-06-19,0.59,9
39,2025-06-02,2.63,6
39,2025-06-24,1.81,13
39,2025-07-03,1.42,15
39,2025-08-17,2.32,15
39,2025-06-23,1.1,15
39,2025-06-09,2.87,8
39,2025-08-27,2.12,12
39,2025-07-11,1.04,7
39,2025-08-04,2.15,2
39,2025-08-06,1.23,10
39,2025-06-10,2.92,10
39,2025-08-24,2.76,10
39,2025-06-16,2.53,7
39,2025-08-20,2.28,14
39,2025-07-02,2.05,12
39,2025-07-07,0.55,15
39,2025-07-08,0.95,12
39,2025-07-08,1.45,8
39,2025-06-27,2.35,9
39,2025-08-05,2.51,15
39,2025-06-23,1.3,5
39,2025-06-23,1.52,4
39,2025-06-01,2.9,14
39,2025-06-25,1.03,4
39,2025-08-19,2.15,7
39,2025-08-25,1.42,13
39,2025-07-27,1.92,9
39,2025-08-03,1.89,11
39,2025-08-21,1.92,8
39,2025-06-25,1.0,4
39,2025-07-27,1.77,11
39,2025-06-02,1.99,8
39,2025-06-09,1.88,14
39,2025-06-07,1.57,4
39,2025-07-15,2.85,5
40,2025-07-02,2.88,4
40,2025-06-05,0.55,15
40,2025-07-07,1.58,7
40,2025-07-11,2.36,14
40,2025-07-14,2.26,13
40,2025-07-30,2.45,11
40,2025-06-17,0.52,3
40,2025-08-18,2.22,5
40,2025-06-30,2.99,10
40,2025-06-03,2.93,6
40,2025-07-25,1.7,9
40,2025-06-10,1.8,15
40,2025-08-05,1.33,4
40,2025-08-12,1.59,10
40,2025-08-02,2.98,11
40,2025-08-21,1.63,4
40,2025-07-13,1.84,3
40,2025-08-10,0.7,11
40,2025-07-04,2.39,4
40,2025-06-28,2.71,6
40,2025-08-14,1.31,13
40,2025-07-06,2.61,10
40,2025-08-26,1.85,12
40,2025-07-19,2.84,9
40,2025-06-28,1.94,11
40,2025-07-21,0.83,2
40,2025-08-24,1.25,6
40,2025-07-25,0.6,5
40,2025-07-24,0.97,2
40,2025-07-03,1.68,10
40,2025-08-01,1.96,6
40,2025-06-22,2.04,2
40,2025-08-28,2.91,11
40,2025-06-07,2.53,4
40,2025-06-22,3.0,15
40,2025-08-01,1.6,2
41,2025-08-22,2.72,8
41,2025-08-07,0.92,2
41,2025-08-11,2.6,12
41,2025-06-03,2.19,2
41,2025-08-12,2.94,7
41,2025-07-19,1.79,5
41,2025-08-17,1.73,6
41,2025-08-02,1.89,12
41,2025-06-10,2.76,4
41,2025-07-18,2.01,15
41,2025-06-24,0.59,3
41,2025-06-07,1.5,15
41,2025-08-23,0.71,5
41,2025-07-15,2.32,9
41,2025-08-11,1.64,12
41,2025-08-18,1.48,5
41,2025-06-26,0.81,7
41,2025-07-19,1.34,8
41,2025-08-28,2.76,12
41,2025-08-27,2.85,7
41,2025-07-24,1.72,15
41,2025-08-28,0.71,9
41,2025-06-18,1.11,7
41,2025-08-25,0.95,14
41,2025-06-30,0.95,14
41,2025-08-14,2.63,2
41,2025-06-01,0.74,10
41,2025-08-15,1.93,6
41,2025-08-27,1.45,4
41,2025-07-17,2.02,13
41,2025-07-01,1.33,10
41,2025-07-01,2.32,15
41,2025-07-31,2.85,6
41,2025-08-05,1.99,8
41,2025-08-06,1.27,15
41,2025-06-26,0.89,7
41,2025-06-15,0.87,7
41,2025-08-10,1.72,13
41,2025-06-22,2.23,15
41,2025-06-25,2.56,8
41,2025-08-17,2.41,2
41,2025-07-29,1.47,3
41,2025-07-13,1.03,3
41,2025-08-27,2.4,10
41,2025-06-13,2.57,12
41,2025-07-06,1.51,9
41,2025-06-13,0.85,4
42,2025-07-31,1.11,8
42,2025-07-07,2.46,4
42,2025-06-16,2.61,11
42,2025-07-19,1.1,10
42,2025-06-24,2.54,6
42,2025-07-28,2.93,2
42,2025-06-03,1.5,5
42,2025-06-26,2.3,3
42,2025-07-27,2.72,9
42,2025-06-15,2.69,4
42,2025-08-10,1.31,9
42,2025-06-24,0.79,9
42,2025-07-15,2.05,9
42,2025-07-10,2.63,9
42,2025-07-21,0.58,6
42,2025-07-29,0.75,11
42,2025-08-29,0.69,14
42,2025-07-31,1.34,5
42,2025-08-10,2.06,8
42,2025-06-02,2.49,8
42,2025-07-14,2.58,2
42,2025-07-14,1.51,14
42,2025-06-17,2.33,6
42,2025-06-18,1.29,10
42,2025-06-13,1.31,14
42,2025-08-18,0.81,11
43,2025-06-23,0.51,7
43,2025-06-07,2.8,11
43,2025-08-24,2.64,8
43,2025-07-25,2.62,6
43,2025-07-06,0.91,3
43,2025-07-05,0.8,4
43,2025-08-25,2.29,2
43,2025-06-21,1.79,9
43,2025-06-23,1.73,9
43,2025-07-13,0.95,5
43,2025-06-23,2.34,12
43,2025-06-10,0.62,5
43,2025-07-05,1.26,9
43,2025-06-27,1.34,14
43,2025-07-27,1.88,11
43,2025-08-17,2.6,11
43,2025-06-01,1.94,11
43,2025-08-15,2.82,5
43,2025-08-26,2.74,14
43,2025-08-10,1.71,12
43,2025-06-09,0.54,12
43,2025-06-10,0.84,13
43,2025-06-29,0.84,15
43,2025-07-21,2.01,3
44,2025-08-05,1.68,11
44,2025-06-03,0.57,4
44,2025-07-02,1.82,7
44,2025-06-15,1.03,8
44,2025-07-24,2.29,11
44,2025-08-12,1.56,12
44,2025-06-27,1.16,5
44,2025-08-14,1.18,11
44,2025-07-03,1.97,11
44,2025-07-20,1.32,14
44,2025-06-30,0.76,14
44,2025-07-14,2.26,15
44,2025-06-08,2.46,3
44,2025-07-15,2.25,5
44,2025-08-27,2.7,6
44,2025-07-09,0.95,11
44,2025-06-14,0.66,8
44,2025-06-05,1.3,9
44,2025-07-14,0.9,3
44,2025-08-29,0.6,5
44,2025-08-09,1.78,7
44,2025-07-17,2.18,4
44,2025-07-28,1.38,14
44,2025-06-13,0.72,4
44,2025-08-18,1.89,6
44,2025-06-29,2.12,4
44,2025-07-18,2.51,13
44,2025-06-10,1.56,11
44,2025-07-28,0.68,14
44,2025-07-30,1.44,7
44,2025-07-22,2.84,7
45,2025-08-16,1.1,5
45,2025-07-30,1.13,14
45,2025-06-16,2.38,6
45,2025-06-27,1.32,2
45,2025-07-15,2.67,9
45,2025-07-19,2.39,12
45,2025-08-02,2.37,13
45,2025-07-29,1.68,5
45,2025-07-08,0.53,3
45,2025-07-27,0.72,6
45,2025-08-28,1.46,6
45,2025-08-02,2.65,9
45,2025-07-26,2.18,12
45,2025-07-29,0.94,8
45,2025-07-07,0.54,8
45,2025-07-11,2.74,10
45,2025-08-08,1.73,4
45,2025-08-08,2.87,13
45,2025-06-19,2.2,15
45,2025-06-17,2.03,4
45,2025-07-09,0.78,2
45,2025-06-13,1.04,3
45,2025-06-09,2.7,7
45,2025-07-23,2.5,15
45,2025-07-11,1.29,8
45,2025-07-30,2.77,12
45,2025-08-09,1.49,2
45,2025-08-15,0.88,9
45,2025-08-14,0.79,14
45,2025-08-25,2.15,11
45,2025-08-23,1.17,10
45,2025-06-05,2.45,7
45,2025-08-12,1.93,11
45,2025-06-02,0.77,10
45,2025-08-22,2.33,10
45,2025-07-16,2.12,13
45,2025-06-01,2.4,11
45,2025-07-31,2.72,15
45,2025-08-20,0.97,3
45,2025-07-14,1.28,10
45,2025-06-27,2.14,5
45,2025-08-01,2.07,3
45,2025-07-19,0.74,6
45,2025-07-21,2.57,12
45,2025-06-24,0.78,3
45,2025-06-23,0.76,12
45,2025-07-27,0.59,5
45,2025-08-27,1.03,15
45,2025-07-24,2.02,12
46,2025-08-28,0.76,11
46,2025-08-20,2.22,5
46,2025-07-18,1.59,5
46,2025-08-28,2.67,6
46,2025-08-22,2.82,2
46,2025-07-15,1.01,3
46,2025-08-04,1.18,11
46,2025-06-09,1.93,8
46,2025-08-02,0.7,10
46,2025-07-29,0.73,12
46,2025-08-20,1.21,6
46,2025-08-04,1.88,10
46,2025-06-11,2.08,13
46,2025-06-10,2.18,11
46,2025-08-03,2.5,10
46,2025-07-03,2.54,7
46,2025-07-20,1.93,15
46,2025-06-29,1.91,13
46,2025-07-29,2.51,6
46,2025-07-02,2.07,14
46,2025-06-15,1.18,15
46,2025-06-08,0.77,12
46,2025-08-09,2.7,12
46,2025-08-12,1.51,4
46,2025-07-26,0.78,12
46,2025-06-09,1.0,15
46,2025-08-24,1.02,13
46,2025-08-07,2.32,15
46,2025-08-19,1.75,6
46,2025-07-06,1.86,8
46,2025-07-12,2.89,10
46,2025-06-25,1.91,14
46,2025-06-19,2.01,11
46,2025-06-16,1.71,14
47,2025-08-17,1.61,7
47,2025-08-22,2.22,13
47,2025-08-04,0.92,10
47,2025-08-21,1.19,10
47,2025-07-08,1.9,10
47,2025-07-18,1.0,10
47,2025-07-23,2.85,13
47,2025-06-16,2.74,3
47,2025-07-13,2.28,14
47,2025-08-03,2.36,3
47,2025-08-06,2.56,10
47,2025-06-28,0.84,12
47,2025-07-11,0.96,5
47,2025-08-17,1.26,8
47,2025-08-17,1.37,12
47,2025-08-18,1.59,12
47,2025-06-17,2.99,10
47,2025-08-05,1.65,5
47,2025-08-07,2.8,3
47,2025-06-22,2.43,4
47,2025-06-30,1.3,3
47,2025-08-22,2.45,14
47,2025-06-26,1.17,15
47,2025-08-12,1.99,15
47,2025-06-07,1.67,11
47,2025-07-27,1.1,5
47,2025-06-24,2.51,12
47,2025-08-24,1.94,13
47,2025-08-01,1.93,8
47,2025-08-15,2.51,14
48,2025-08-26,2.9,15
48,2025-06-19,1.91,8
48,2025-08-22,2.12,3
48,2025-07-16,1.91,6
48,2025-06-14,2.11,3
48,2025-06-16,0.83,9
48,2025-08-07,2.67,6
48,2025-06-07,2.67,2
48,2025-08-14,0.8,13
48,2025-08-23,1.85,4
48,2025-07-24,1.1,5
48,2025-08-03,1.83,14
48,2025-06-22,2.87,6
48,2025-08-17,1.42,4
48,2025-08-03,2.08,2
48,2025-07-16,1.49,12
48,2025-08-14,1.88,8
48,2025-06-28,1.66,11
48,2025-07-03,2.1,13
48,2025-06-04,1.9,15
48,2025-06-07,1.94,6
48,2025-06-07,0.94,5
48,2025-07-01,2.04,6
48,2025-06-06,1.8,9
48,2025-08-14,1.19,2
48,2025-06-21,2.36,15
48,2025-07-24,2.63,11
48,2025-06-19,0.7,4
48,2025-06-24,2.4,11
48,2025-08-02,1.24,10
48,2025-07-13,1.57,3
48,2025-07-09,2.54,15
48,2025-06-01,0.76,13
48,2025-07-27,0.79,13
48,2025-08-14,1.19,7
48,2025-08-01,1.21,15
48,2025-06-29,1.94,12
48,2025-08-25,2.81,5
48,2025-06-05,0.72,7
48,2025-07-03,2.07,8
48,2025-07-28,1.4,10
48,2025-06-17,2.15,9
48,2025-07-26,2.27,12
48,2025-07-29,2.12,14
49,2025-06-19,2.92,5
49,2025-06-17,2.91,9
49,2025-07-24,1.46,8
49,2025-07-30,2.65,12
49,2025-07-24,1.33,3
49,2025-08-12,0.77,2
49,2025-07-18,1.68,4
49,2025-08-01,1.67,2
49,2025-08-09,1.73,3
49,2025-07-14,1.7,15
49,2025-07-26,2.02,8
49,2025-06-14,2.86,14
49,2025-06-23,2.44,3
49,2025-06-23,2.63,3
49,2025-07-31,1.23,15
49,2025-07-25,0.83,3
49,2025-07-16,2.97,5
49,2025-07-29,1.69,8
49,2025-07-13,2.62,10
49,2025-07-10,1.22,15
49,2025-08-03,2.32,12
49,2025-08-26,1.94,7
49,2025-08-11,2.68,9
49,2025-07-24,1.74,15
49,2025-08-21,2.42,11
49,2025-08-06,2.94,3
49,2025-07-01,1.01,4
49,2025-06-28,1.25,14
49,2025-07-29,2.98,7
49,2025-06-17,0.7,4
49,2025-07-09,2.88,5
49,2025-07-05,1.87,11
49,2025-06-17,1.81,14
49,2025-07-23,1.54,4
50,2025-08-07,2.66,9
50,2025-06-10,0.91,2
50,2025-06-24,1.8,14
50,2025-08-28,0.57,12
50,2025-07-17,0.79,6
50,2025-07-15,0.7,8
50,2025-08-12,2.87,7
50,2025-06-23,2.36,9
50,2025-08-08,0.54,7
50,2025-06-28,1.3,9
50,2025-06-11,0.77,11
50,2025-07-28,0.89,12
50,2025-08-15,1.68,11
50,2025-07-13,2.7,9
50,2025-07-05,2.79,2
50,2025-06-10,1.06,12
50,2025-08-11,0.63,11
50,2025-07-26,2.09,5
50,2025-08-13,2.59,7
50,2025-06-30,1.24,9
50,2025-06-22,2.25,8
50,2025-08-24,2.83,14
50,2025-07-28,1.41,10
50,2025-07-05,0.92,3
50,2025-07-10,2.36,6
50,2025-06-23,0.54,11
50,2025-07-31,1.97,14
50,2025-08-12,0.51,13
50,2025-08-07,1.55,9
50,2025-07-03,1.54,5
50,2025-08-28,2.41,4
50,2025-07-27,1.36,4
50,2025-06-11,1.88,14
50,2025-07-14,2.95,10
50,2025-08-10,1.7,8
50,2025-06-04,2.08,14
50,2025-07-30,1.7,8
50,2025-06-04,0.86,5
50,2025-06-04,2.21,9
50,2025-08-01,2.62,9
50,2025-08-11,2.06,2
50,2025-07-15,2.69,11
50,2025-06-07,1.96,12
50,2025-07-12,2.41,10
51,2025-06-05,1.09,10
51,2025-08-07,1.49,15
51,2025-08-01,2.5,2
51,2025-08-02,0.82,10
51,2025-07-19,2.23,10
51,2025-07-31,2.61,9
51,2025-08-28,2.55,5
51,2025-07-01,2.7,9
51,2025-06-21,1.77,14
51,2025-06-17,1.39,3
51,2025-06-18,1.53,10
51,2025-07-08,2.82,12
51,2025-08-05,0.7,12
51,2025-06-28,2.18,2
51,2025-06-14,2.03,9
51,2025-06-05,2.14,14
51,2025-06-27,1.36,12
51,2025-08-15,1.7,5
51,2025-07-23,2.27,10
51,2025-08-08,1.03,14
51,2025-08-01,1.16,3
51,2025-07-04,0.74,4
51,2025-06-22,0.92,13
51,2025-06-01,3.0,2
51,2025-07-27,2.82,2
51,2025-07-02,2.35,9
51,2025-06-05,2.32,8
52,2025-06-21,2.61,14
52,2025-06-22,1.24,5
52,2025-08-20,1.51,15
52,2025-08-01,0.91,13
52,2025-07-03,1.91,7
52,2025-08-21,1.9,9
52,2025-07-05,1.1,9
52,2025-07-17,1.58,12
52,2025-07-20,1.06,4
52,2025-06-09,1.15,8
52,2025-08-04,0.92,14
52,2025-08-11,2.08,4
52,2025-06-08,0.95,6
52,2025-08-02,1.22,13
52,2025-08-10,1.72,2
52,2025-06-19,1.05,9
52,2025-08-22,2.34,4
52,2025-07-26,1.41,12
52,2025-08-23,1.2,14
52,2025-08-22,2.02,10
52,2025-07-17,2.02,5
52,2025-06-05,0.86,9
52,2025-08-04,1.53,2
52,2025-08-08,2.78,8
52,2025-08-01,2.22,8
52,2025-06-01,2.6,3
52,2025-06-06,2.73,4
52,2025-06-03,1.29,14
52,2025-06-21,1.65,13
52,2025-08-23,0.61,13
52,2025-06-05,1.65,6
52,2025-07-08,1.99,5
52,2025-08-21,0.66,2
52,2025-08-08,1.22,13
52,2025-07-06,0.74,13
52,2025-06-18,2.42,14
52,2025-06-20,2.06,3
52,2025-07-20,1.02,9
52,2025-07-12,1.22,7
53,2025-07-05,1.94,9
53,2025-06-24,2.93,13
53,2025-08-16,2.42,11
53,2025-08-10,1.42,15
53,2025-07-09,1.94,6
53,2025-06-23,1.39,8
53,2025-08-29,2.25,10
53,2025-06-07,0.77,2
53,2025-07-20,1.73,13
53,2025-07-05,1.44,13
53,2025-08-13,2.35,10
53,2025-08-16,1.15,8
53,2025-06-02,0.77,12
53,2025-06-19,1.34,6
53,2025-07-18,2.34,2
53,2025-08-24,2.96,15
53,2025-06-07,0.83,6
53,2025-06-19,1.5,3
53,2025-07-01,1.07,10
53,2025-07-16,2.06,12
53,2025-06-03,1.79,9
53,2025-07-24,2.21,11
53,2025-08-17,1.79,14
53,2025-06-03,2.16,15
53,2025-06-17,2.25,2
53,2025-07-13,2.05,14
53,2025-06-02,1.54,15
53,2025-08-22,2.82,8
53,2025-08-26,1.86,10
53,2025-06-06,2.79,9
53,2025-08-08,2.93,7
53,2025-07-01,2.12,11
53,2025-06-29,1.7,5
53,2025-07-26,2.21,15
53,2025-08-20,2.28,2
53,2025-07-03,1.71,3
54,2025-06-16,1.95,4
54,2025-07-29,0.59,8
54,2025-08-23,2.18,4
54,2025-06-27,1.91,11
54,2025-06-04,2.04,9
54,2025-06-12,2.78,4
54,2025-07-04,2.09,3
54,2025-06-24,1.76,13
54,2025-08-11,1.14,4
54,2025-06-21,1.3,3
54,2025-08-26,2.84,12
54,2025-07-16,1.41,12
54,2025-06-19,1.88,11
54,2025-07-20,2.19,9
54,2025-07-12,1.26,7
54,2025-07-19,2.89,13
54,2025-06-01,1.23,11
54,2025-08-10,1.89,5
54,2025-08-05,2.35,11
54,2025-07-08,1.75,7
54,2025-06-03,0.89,4
54,2025-06-19,1.87,9
54,2025-06-14,0.91,9
54,2025-08-15,1.74,13
54,2025-07-25,1.07,11
54,2025-07-25,2.8,8
54,2025-06-29,1.23,13
55,2025-08-14,1.04,4
55,2025-08-28,1.43,13
55,2025-07-29,2.96,2
55,2025-08-20,0.87,5
55,2025-07-23,2.84,8
55,2025-06-11,2.34,13
55,2025-06-26,0.85,15
55,2025-08-02,2.28,10
55,2025-07-03,2.78,5
55,2025-07-23,1.9,6
55,2025-06-24,0.54,2
55,2025-07-04,2.52,11
55,2025-07-02,2.4,14
55,2025-07-26,2.56,2
55,2025-08-07,2.63,3
55,2025-06-13,1.9,12
55,2025-06-07,1.96,4
55,2025-08-19,0.71,15
55,2025-07-04,1.04,6
55,2025-07-25,2.21,9
55,2025-06-19,1.31,13
55,2025-08-12,1.79,5
55,2025-07-31,1.47,15
55,2025-07-11,2.75,5
55,2025-08-18,2.56,3
55,2025-06-08,1.32,5
55,2025-06-09,2.56,2
56,2025-07-13,1.52,7
56,2025-07-27,2.23,3
56,2025-06-05,2.24,15
56,2025-07-06,0.9,11
56,2025-07-04,2.03,13
56,2025-08-02,1.09,13
56,2025-07-05,1.46,11
56,2025-07-15,1.21,6
56,2025-06-24,2.63,11
56,2025-06-22,0.98,13
56,2025-07-10,0.89,6
56,2025-07-13,0.72,15
56,2025-07-26,2.43,2
56,2025-06-10,0.69,15
56,2025-07-15,2.28,11
56,2025-06-23,1.37,3
56,2025-07-02,0.57,4
56,2025-08-29,2.09,12
56,2025-07-29,0.69,13
56,2025-07-14,1.47,11
56,2025-08-09,1.32,7
56,2025-07-29,1.76,13
56,2025-08-28,2.79,8
56,2025-08-07,1.5,15
56,2025-08-27,0.9,7
56,2025-06-10,1.44,3
56,2025-08-03,2.61,5
57,2025-07-10,1.23,2
57,2025-08-05,1.77,4
57,2025-07-14,2.84,15
57,2025-07-21,1.44,12
57,2025-06-07,2.75,3
57,2025-06-15,0.61,10
57,2025-08-08,0.64,12
57,2025-08-11,2.78,2
57,2025-06-30,1.68,12
57,2025-07-05,2.8,4
57,2025-08-21,0.95,4
57,2025-07-14,1.04,8
57,2025-07-11,1.63,6
57,2025-08-07,2.96,9
57,2025-08-13,0.8,10
57,2025-07-25,2.62,8
57,2025-06-18,2.99,11
57,2025-06-13,1.5,9
57,2025-08-21,2.06,3
57,2025-08-13,2.33,10
57,2025-08-15,1.08,10
57,2025-08-29,2.49,13
57,2025-06-06,1.73,12
57,2025-08-26,0.94,9
57,2025-08-10,1.44,3
57,2025-08-18,0.67,12
57,2025-07-15,2.83,4
57,2025-06-08,2.67,11
57,2025-07-10,2.66,2
57,2025-07-28,2.37,7
57,2025-07-04,1.6,7
57,2025-08-08,2.57,11
57,2025-07-20,1.36,5
57,2025-06-27,0.95,12
57,2025-07-24,1.93,4
57,2025-06-24,2.22,6
57,2025-08-26,1.45,6
57,2025-06-28,1.82,10
57,2025-07-27,2.65,6
57,2025-08-06,2.14,6
57,2025-06-17,1.07,10
57,2025-07-11,2.68,7
57,2025-08-24,0.66,13
58,2025-06-28,1.97,6
58,2025-06-19,2.8,8
58,2025-06-03,1.47,10
58,2025-06-10,0.79,14
58,2025-08-22,2.51,12
58,2025-07-05,2.6,10
58,2025-06-24,1.12,15
58,2025-08-28,1.94,6
58,2025-07-04,1.94,13
58,2025-07-29,2.13,2
58,2025-06-25,0.54,7
58,2025-06-11,2.03,5
58,2025-07-27,1.2,11
58,2025-06-20,2.3,4
58,2025-06-01,1.59,14
58,2025-07-27,0.78,12
58,2025-07-14,2.68,15
58,2025-08-21,2.45,8
58,2025-07-22,1.94,13
58,2025-06-01,0.84,3
58,2025-06-02,2.81,8
58,2025-07-27,0.92,13
58,2025-06-14,1.08,4
58,2025-08-16,1.09,4
59,2025-07-01,1.93,14
59,2025-08-26,1.22,11
59,2025-06-03,2.76,12
59,2025-08-26,2.36,11
59,2025-06-09,2.63,9
59,2025-07-15,2.79,8
59,2025-08-02,2.71,4
59,2025-08-16,2.02,15
59,2025-08-14,2.83,12
59,2025-06-19,1.7,4
59,2025-08-18,0.59,10
59,2025-06-09,1.21,13
59,2025-08-29,1.78,5
59,2025-08-27,2.37,6
59,2025-08-23,1.95,12
59,2025-08-13,0.85,9
59,2025-06-07,2.77,11
59,2025-06-01,2.58,15
59,2025-06-06,1.7,14
59,2025-07-19,0.67,12
59,2025-06-20,0.56,8
59,2025-06-23,0.82,3
59,2025-07-22,1.18,9
59,2025-06-23,1.26,4
59,2025-08-06,1.23,3
59,2025-08-07,2.06,5
59,2025-07-30,0.77,13
59,2025-07-11,2.43,7
59,2025-08-14,0.9,3
59,2025-06-21,0.53,9
59,2025-07-18,2.07,12
59,2025-06-20,2.74,5
59,2025-06-27,1.23,11
59,2025-07-09,2.49,8
59,2025-08-17,2.31,4
59,2025-08-18,2.69,12
59,2025-08-05,2.02,12
59,2025-08-07,1.15,14
59,2025-08-15,1.25,8
59,2025-08-20,1.02,4
59,2025-06-24,0.99,14
59,2025-08-05,2.52,7
59,2025-06-21,2.4,15
60,2025-06-05,2.12,14
60,2025-06-04,1.07,14
60,2025-07-29,2.79,9
60,2025-08-06,1.64,14
60,2025-06-02,0.86,4
60,2025-07-21,0.59,7
60,2025-06-21,0.63,2
60,2025-06-19,1.08,9
60,2025-06-27,1.71,7
60,2025-08-04,0.9,2
60,2025-07-22,2.2,7
60,2025-07-15,1.99,4
60,2025-06-11,1.51,5
60,2025-06-08,0.59,10
60,2025-08-06,2.75,13
60,2025-06-28,2.67,15
60,2025-07-18,2.19,8
60,2025-08-28,0.6,15
60,2025-07-07,2.69,5
60,2025-08-10,2.38,7
60,2025-06-06,2.89,8
60,2025-08-07,0.51,11
60,2025-07-10,2.44,15
60,2025-06-16,2.15,9
60,2025-07-16,2.12,2
60,2025-07-30,1.81,10
60,2025-06-02,2.65,4
60,2025-08-12,1.41,14
60,2025-08-11,1.73,14
60,2025-08-11,1.26,8
60,2025-08-07,1.85,3
60,2025-06-10,0.59,5
61,2025-08-12,1.6,11
61,2025-06-09,2.2,6
61,2025-07-04,2.73,12
61,2025-07-29,2.42,9
61,2025-07-02,2.9,15
61,2025-08-06,2.7,7
61,2025-08-25,2.52,7
61,2025-08-11,0.86,5
61,2025-08-01,2.95,2
61,2025-07-14,0.97,2
61,2025-06-28,1.56,14
61,2025-06-28,1.38,6
61,2025-07-13,1.24,11
61,2025-06-28,2.27,15
61,2025-07-23,2.35,2
61,2025-06-17,0.75,3
61,2025-06-18,2.88,13
61,2025-07-31,2.38,5
61,2025-07-05,1.93,3
61,2025-06-04,1.28,13
61,2025-07-11,0.54,12
61,2025-08-16,1.16,13
61,2025-06-07,2.79,2
61,2025-06-23,2.56,11
61,2025-07-05,2.07,4
61,2025-08-29,2.97,5
61,2025-07-24,1.2,4
61,2025-06-03,1.62,6
61,2025-07-02,1.62,3
61,2025-06-24,0.63,5
61,2025-06-22,2.53,6
61,2025-07-30,2.01,3
61,2025-07-06,0.72,12
61,2025-06-12,1.55,2
61,2025-08-10,2.13,11
61,2025-06-21,0.64,14
61,2025-08-13,2.76,11
61,2025-07-13,0.87,12
62,2025-08-06,1.54,6
62,2025-08-08,1.28,4
62,2025-06-20,2.57,2
62,2025-06-26,0.61,2
62,2025-06-24,0.78,10
62,2025-06-11,1.68,11
62,2025-08-11,1.1,6
62,2025-08-02,2.34,6
62,2025-08-12,1.73,4
62,2025-07-18,2.79,12
62,2025-07-26,2.09,7
62,2025-08-14,1.97,3
62,2025-06-12,1.21,4
62,2025-08-21,2.55,8
62,2025-07-02,1.64,8
62,2025-08-15,1.47,5
62,2025-07-29,0.97,12
62,2025-07-24,0.61,13
62,2025-06-20,2.5,11
62,2025-06-23,2.8,15
62,2025-06-19,1.88,2
63,2025-06-13,2.32,6
63,2025-08-16,2.32,4
63,2025-07-15,2.77,7
63,2025-08-04,1.58,15
63,2025-06-22,2.58,15
63,2025-07-22,0.84,13
63,2025-08-15,1.75,11
63,2025-08-21,0.9,14
63,2025-08-14,2.86,8
63,2025-06-17,2.24,7
63,2025-08-11,1.96,7
63,2025-07-07,1.32,9
63,2025-06-16,1.93,6
63,2025-07-13,2.77,3
63,2025-06-21,1.63,12
63,2025-08-15,1.25,7
63,2025-06-14,2.89,11
63,2025-06-11,1.13,7
63,2025-08-10,1.12,8
63,2025-08-10,1.94,4
63,2025-07-14,1.06,15
63,2025-06-12,2.7,5
63,2025-07-19,2.46,6
63,2025-08-08,0.66,7
63,2025-08-24,1.31,12
63,2025-08-16,2.38,6
63,2025-07-03,2.7,10
63,2025-07-16,1.82,5
63,2025-06-12,0.65,10
63,2025-08-18,1.52,12
63,2025-08-20,2.27,13
63,2025-08-09,0.99,14
63,2025-06-28,0.54,5
63,2025-06-07,0.64,13
63,2025-07-10,1.82,4
63,2025-06-19,1.61,4
63,2025-07-15,2.53,13
63,2025-06-13,2.97,13
63,2025-07-05,2.7,14
63,2025-07-20,0.86,7
64,2025-07-24,1.23,13
64,2025-06-05,2.87,10
64,2025-08-17,0.85,7
64,2025-07-22,0.61,9
64,2025-06-03,0.59,3
64,2025-06-09,2.12,11
64,2025-08-29,2.8,14
64,2025-07-25,2.33,3
64,2025-07-27,2.2,12
64,2025-06-29,0.66,5
64,2025-06-09,2.2,15
64,2025-06-12,1.4,9
64,2025-08-12,0.82,14
64,2025-07-10,1.97,12
64,2025-08-12,1.01,2
64,2025-07-27,0.65,8
64,2025-06-28,2.86,8
64,2025-08-04,2.92,10
64,2025-06-03,1.18,13
64,2025-07-23,1.8,6
64,2025-08-08,1.11,2
64,2025-07-23,0.83,4
64,2025-07-11,2.27,4
64,2025-07-13,2.37,15
64,2025-08-18,2.94,14
64,2025-06-22,1.27,15
64,2025-07-30,1.68,5
64,2025-07-26,1.86,12
65,2025-07-14,2.03,3
65,2025-08-03,1.74,12
65,2025-08-28,1.43,2
65,2025-08-17,1.48,3
65,2025-07-09,2.02,4
65,2025-08-15,2.42,11
65,2025-06-03,1.97,6
65,2025-07-23,2.93,6
65,2025-06-02,1.32,13
65,2025-08-13,1.47,12
65,2025-08-10,2.23,10
65,2025-07-14,1.2,13
65,2025-07-03,1.63,2
65,2025-06-16,1.56,8
65,2025-06-25,1.85,5
65,2025-08-11,2.35,13
65,2025-08-14,1.38,14
65,2025-06-03,0.6,5
65,2025-06-01,2.98,14
65,2025-07-07,0.6,12
65,2025-08-05,2.26,5
65,2025-06-25,1.48,10
65,2025-07-07,1.54,13
65,2025-08-20,1.99,3
65,2025-06-09,2.82,11
65,2025-07-21,2.43,13
65,2025-08-09,1.59,7
65,2025-06-22,1.45,8
65,2025-08-20,2.63,12
65,2025-06-07,2.06,13
65,2025-07-30,2.38,4
65,2025-08-08,2.78,15
65,2025-06-13,2.41,10
65,2025-08-23,2.75,10
65,2025-07-11,2.92,11
65,2025-07-04,1.11,13
65,2025-08-24,1.43,10
65,2025-06-15,1.92,15
65,2025-06-12,2.29,11
65,2025-08-17,2.76,11
65,2025-06-17,2.29,7
65,2025-07-02,3.0,14
65,2025-06-07,0.97,7
65,2025-07-21,1.1,6
65,2025-08-09,1.79,13
65,2025-07-04,1.35,6
65,2025-08-12,1.47,10
65,2025-08-28,0.9,9
65,2025-08-13,0.91,2
65,2025-08-20,2.0,3
66,2025-07-03,2.01,2
66,2025-08-03,0.79,7
66,2025-07-11,1.88,14
66,2025-07-29,1.84,14
66,2025-06-02,2.57,4
66,2025-08-17,2.47,10
66,2025-06-11,1.88,10
66,2025-06-25,1.48,7
66,2025-07-30,2.89,8
66,2025-07-29,1.35,3
66,2025-08-27,0.99,2
66,2025-06-23,1.65,4
66,2025-06-06,2.92,10
66,2025-06-17,1.95,5
66,2025-07-14,2.61,5
66,2025-07-19,1.7,2
66,2025-07-20,2.09,2
66,2025-08-25,2.92,15
66,2025-07-16,0.84,14
66,2025-06-13,1.64,15
66,2025-07-03,0.67,13
66,2025-07-12,1.6,5
66,2025-06-18,2.84,3
66,2025-07-04,1.2,14
66,2025-06-22,1.19,5
66,2025-08-02,0.51,10
66,2025-07-20,2.68,4
66,2025-08-08,0.65,13
67,2025-08-14,1.27,14
67,2025-07-23,0.53,13
67,2025-06-01,1.38,4
67,2025-08-17,1.7,15
67,2025-06-26,2.84,11
67,2025-08-22,2.78,5
67,2025-06-10,1.25,8
67,2025-07-10,2.0,9
67,2025-08-22,1.32,2
67,2025-06-09,2.15,13
67,2025-06-03,0.81,3
67,2025-08-08,1.33,12
67,2025-07-03,0.99,13
67,2025-07-10,0.55,12
67,2025-08-06,0.99,10
67,2025-06-23,2.84,2
67,2025-08-12,2.29,6
67,2025-07-23,2.2,12
67,2025-08-18,0.62,8
67,2025-08-28,2.15,13
67,2025-06-08,0.81,8
67,2025-07-02,1.38,14
67,2025-07-25,2.86,9
67,2025-08-02,2.5,13
67,2025-06-29,0.73,11
67,2025-06-30,0.92,5
67,2025-07-05,1.57,11
67,2025-07-22,0.9,11
67,2025-06-27,2.24,9
67,2025-06-04,1.05,14
67,2025-07-22,2.32,2
68,2025-07-14,2.18,5
68,2025-08-14,1.8,6
68,2025-08-28,2.45,14
68,2025-08-25,1.22,11
68,2025-07-14,2.84,10
68,2025-07-29,1.25,6
68,2025-06-03,2.71,6
68,2025-08-22,2.3,3
68,2025-06-26,0.64,3
68,2025-06-06,0.86,8
68,2025-08-21,2.2,12
68,2025-08-26,2.65,14
68,2025-06-19,1.28,14
68,2025-07-19,2.19,8
68,2025-08-05,1.71,8
68,2025-07-17,2.81,3
68,2025-07-23,1.7,14
68,2025-06-28,1.93,12
68,2025-06-30,1.77,2
68,2025-08-20,1.43,13
68,2025-08-29,2.51,13
68,2025-06-22,2.8,11
68,2025-07-17,1.52,9
68,2025-07-23,1.07,12
68,2025-06-08,2.77,15
68,2025-07-15,1.4,11
68,2025-08-03,1.2,11
68,2025-08-14,2.78,12
68,2025-06-17,2.16,12
68,2025-07-20,1.88,4
68,2025-08-01,1.25,4
68,2025-08-17,1.38,2
68,2025-07-03,1.97,8
68,2025-06-20,0.83,11
68,2025-07-06,2.27,4
68,2025-07-10,2.28,14
68,2025-06-07,2.66,8
68,2025-07-04,2.43,6
68,2025-08-01,2.5,7
68,2025-06-15,1.57,2
68,2025-08-11,2.37,4
68,2025-07-03,1.63,2
69,2025-06-24,2.33,9
69,2025-08-12,1.09,12
69,2025-08-17,1.05,4
69,2025-08-12,2.22,13
69,2025-06-05,2.09,2
69,2025-08-01,0.98,8
69,2025-08-15,2.81,15
69,2025-07-20,1.91,7
69,2025-06-27,1.41,8
69,2025-06-10,2.01,12
69,2025-08-19,1.05,14
69,2025-07-12,2.3,15
69,2025-06-09,0.56,15
69,2025-07-24,1.41,5
69,2025-06-16,1.86,4
69,2025-06-13,2.99,3
69,2025-08-20,2.58,9
69,2025-08-25,2.41,3
69,2025-08-16,2.33,14
69,2025-06-28,2.65,11
69,2025-08-17,2.43,3
69,2025-06-10,1.92,6
69,2025-06-09,2.93,2
69,2025-07-25,2.9,8
69,2025-08-06,1.65,14
69,2025-06-11,1.44,6
69,2025-06-06,2.07,14
69,2025-07-15,0.8,11
69,2025-07-13,1.0,8
69,2025-08-21,1.44,6
69,2025-08-18,1.21,13
69,2025-07-27,0.54,3
69,2025-08-05,2.35,15
69,2025-07-21,2.01,3
69,2025-07-21,0.63,8
69,2025-07-27,1.54,15
69,2025-06-23,1.14,5
69,2025-07-11,2.17,12
69,2025-06-07,1.18,5
69,2025-06-26,1.76,10
69,2025-06-19,2.06,12
69,2025-06-24,2.92,6
70,2025-07-15,1.32,12
70,2025-08-08,1.53,5
70,2025-06-29,1.16,7
70,2025-07-31,0.63,5
70,2025-07-23,2.95,6
70,2025-07-16,1.63,8
70,2025-08-25,2.57,13
70,2025-07-18,0.68,11
70,2025-08-10,2.49,8
70,2025-06-29,0.69,5
70,2025-07-30,2.51,3
70,2025-08-01,1.01,6
70,2025-07-05,2.93,14
70,2025-06-07,2.51,8
70,2025-07-07,2.76,13
70,2025-08-26,1.7,11
70,2025-08-05,2.14,3
70,2025-06-29,2.21,5
70,2025-08-11,0.74,5
70,2025-08-20,2.42,14
70,2025-07-11,2.87,3
70,2025-06-11,1.25,6
70,2025-08-26,2.3,13
70,2025-07-19,1.03,14
70,2025-06-25,0.7,3
70,2025-08-02,2.38,2
70,2025-08-22,0.89,5
70,2025-08-12,1.03,11
70,2025-07-29,1.34,9
70,2025-08-11,0.5,4
70,2025-08-26,1.49,8
70,2025-06-25,1.21,9
70,2025-08-11,0.95,4
70,2025-06-29,1.51,15
70,2025-06-23,2.73,12
70,2025-06-23,1.6,10
70,2025-07-03,2.81,9
70,2025-06-24,1.04,12
70,2025-08-11,1.63,5
71,2025-08-25,1.97,7
71,2025-08-05,2.32,9
71,2025-06-27,2.39,14
71,2025-08-11,1.06,10
71,2025-08-22,0.92,4
71,2025-08-22,2.67,4
71,2025-07-20,2.39,9
71,2025-07-23,2.44,15
71,2025-06-27,1.29,8
71,2025-08-01,1.64,7
71,2025-06-24,1.91,14
71,2025-06-02,0.88,15
71,2025-07-30,1.94,4
71,2025-07-12,0.98,11
71,2025-07-25,1.12,3
71,2025-06-12,2.36,14
71,2025-08-01,2.58,9
71,2025-07-01,0.76,5
71,2025-07-17,1.16,2
71,2025-08-02,0.82,12
71,2025-08-16,2.3,12
71,2025-07-21,1.76,15
71,2025-07-30,1.34,11
71,2025-07-04,2.53,2
71,2025-08-18,2.16,9
71,2025-07-09,2.7,10
71,2025-08-09,1.78,10
71,2025-06-04,1.9,13
71,2025-06-21,1.47,3
71,2025-08-18,2.45,13
71,2025-08-25,1.37,6
71,2025-08-28,1.93,6
71,2025-06-08,2.73,5
71,2025-08-18,0.76,10
71,2025-08-11,1.72,6
71,2025-06-21,2.46,11
71,2025-07-25,2.82,14
71,2025-08-24,2.93,12
71,2025-06-14,2.93,7
72,2025-06-01,2.82,5
72,2025-07-01,0.81,14
72,2025-06-26,0.55,4
72,2025-08-14,0.81,10
72,2025-08-08,2.87,5
72,2025-06-23,1.35,9
72,2025-06-19,0.92,2
72,2025-06-24,1.65,13
72,2025-06-05,0.53,13
72,2025-07-29,2.52,10
72,2025-07-04,2.24,3
72,2025-07-13,1.63,7
72,2025-07-21,0.72,6
72,2025-07-02,2.13,9
72,2025-06-19,1.86,3
72,2025-07-16,1.68,3
72,2025-08-21,1.69,11
72,2025-07-17,2.11,11
72,2025-07-28,2.34,14
72,2025-07-01,1.87,4
72,2025-06-21,2.72,11
72,2025-06-30,1.19,3
72,2025-08-28,2.08,13
72,2025-07-12,0.73,5
72,2025-07-11,1.96,5
72,2025-08-26,1.45,9
72,2025-08-05,2.0,4
72,2025-07-25,1.69,14
72,2025-07-10,2.29,11
72,2025-06-19,0.53,12
72,2025-06-05,1.41,15
72,2025-08-07,1.56,6
72,2025-08-05,0.87,7
72,2025-07-10,2.78,2
72,2025-06-01,2.98,9
72,2025-07-03,2.61,7
72,2025-07-22,1.96,4
72,2025-06-07,1.48,7
72,2025-06-25,2.23,9
72,2025-06-22,1.36,15
72,2025-07-06,1.11,4
72,2025-07-04,1.73,4
72,2025-08-14,0.55,2
73,2025-06-15,1.75,5
73,2025-07-15,0.7,11
73,2025-06-18,1.28,6
73,2025-07-13,1.91,9
73,2025-07-07,0.93,5
73,2025-07-15,2.72,10
73,2025-06-24,2.78,8
73,2025-06-21,1.92,5
73,2025-06-24,1.01,4
73,2025-08-07,2.82,4
73,2025-08-28,0.62,5
73,2025-07-26,1.44,7
73,2025-08-04,1.99,9
73,2025-06-07,1.91,5
73,2025-07-25,0.79,2
73,2025-06-27,0.61,6
73,2025-08-04,1.29,7
73,2025-07-28,2.67,9
73,2025-07-05,2.18,13
73,2025-08-10,2.22,7
74,2025-06-22,1.03,10
74,2025-06-01,1.6,11
74,2025-06-04,1.25,10
74,2025-07-21,1.58,15
74,2025-06-15,2.49,4
74,2025-07-13,2.94,6
74,2025-08-20,1.3,15
74,2025-07-15,0.55,6
74,2025-06-28,1.6,7
74,2025-06-04,1.8,15
74,2025-08-10,2.55,7
74,2025-07-14,0.85,5
74,2025-08-01,1.8,9
74,2025-07-23,2.65,13
74,2025-08-05,0.61,2
74,2025-08-23,1.52,15
74,2025-06-23,1.87,9
74,2025-06-05,2.57,8
74,2025-07-03,1.08,6
74,2025-06-15,0.55,7
74,2025-07-30,2.06,4
74,2025-06-14,1.7,8
74,2025-08-12,1.05,3
74,2025-06-18,2.13,6
74,2025-07-12,1.62,6
74,2025-07-29,2.32,8
74,2025-08-15,1.88,8
74,2025-06-17,2.96,3
74,2025-07-19,2.4,9
75,2025-08-02,1.07,9
75,2025-07-13,2.14,9
75,2025-08-12,1.94,12
75,2025-06-23,2.6,4
75,2025-08-26,1.77,4
75,2025-08-02,1.67,3
75,2025-08-16,0.67,11
75,2025-07-18,1.0,12
75,2025-07-09,0.95,2
75,2025-06-17,0.7,10
75,2025-08-12,0.56,6
75,2025-07-27,1.47,8
75,2025-08-14,2.98,6
75,2025-08-06,0.93,13
75,2025-07-13,1.51,11
75,2025-08-15,1.63,7
75,2025-08-05,1.66,6
75,2025-08-11,1.29,7
75,2025-06-04,1.63,4
75,2025-08-06,2.68,12
75,2025-07-05,1.78,8
75,2025-07-27,2.1,10
75,2025-06-28,2.28,15
75,2025-08-24,2.11,15
75,2025-06-21,1.6,8
75,2025-08-14,0.97,4
75,2025-06-01,1.63,13
75,2025-06-24,0.85,6
75,2025-06-27,0.88,10
75,2025-07-25,2.93,10
75,2025-06-09,0.84,10
75,2025-06-01,0.95,2
75,2025-06-26,2.1,11
75,2025-06-15,1.47,15
75,2025-06-20,1.11,9
75,2025-06-12,0.8,4
75,2025-06-27,2.7,2
76,2025-08-20,1.54,13
76,2025-06-02,0.81,2
76,2025-07-21,0.56,6
76,2025-08-11,0.51,5
76,2025-06-20,1.92,12
76,2025-07-30,2.61,6
76,2025-06-29,0.99,12
76,2025-07-14,1.87,13
76,2025-07-21,2.7,10
76,2025-07-24,1.6,15
76,2025-07-05,1.77,14
76,2025-07-07,0.51,15
76,2025-08-06,0.75,9
76,2025-08-20,2.65,4
76,2025-06-01,0.55,6
76,2025-07-17,2.12,9
76,2025-06-12,2.32,3
76,2025-08-25,1.59,10
76,2025-08-03,2.3,14
76,2025-06-16,2.36,8
76,2025-06-16,1.57,13
76,2025-07-09,1.88,8
76,2025-08-13,1.31,9
76,2025-08-03,2.54,11
76,2025-07-02,0.67,9
76,2025-08-19,1.02,4
76,2025-08-22,1.17,11
76,2025-07-01,0.83,2
77,2025-07-04,1.45,5
77,2025-07-13,1.98,5
77,2025-07-23,2.87,8
77,2025-07-08,0.72,8
77,2025-07-17,1.49,10
77,2025-08-03,2.04,3
77,2025-07-25,2.55,4
77,2025-06-21,1.04,9
77,2025-06-19,0.82,2
77,2025-07-11,1.2,3
77,2025-06-15,0.89,5
77,2025-07-22,2.32,11
77,2025-07-19,1.13,9
77,2025-06-15,2.19,5
77,2025-08-27,2.69,4
77,2025-08-22,2.76,6
77,2025-07-16,2.05,11
77,2025-06-03,2.83,7
77,2025-07-24,2.51,9
77,2025-06-21,2.71,5
77,2025-07-16,0.62,12
77,2025-07-22,2.94,9
77,2025-06-24,1.58,8
77,2025-08-20,2.31,7
77,2025-08-06,0.55,4
77,2025-06-18,1.05,4
77,2025-06-03,1.62,9
77,2025-06-09,2.05,3
77,2025-06-02,2.53,14
77,2025-07-07,1.48,6
77,2025-08-03,0.61,7
77,2025-07-28,2.37,5
77,2025-06-07,1.29,12
77,2025-08-29,2.67,11
77,2025-08-13,0.69,9
77,2025-06-05,2.59,6
77,2025-06-24,2.9,7
77,2025-08-16,0.72,12
77,2025-06-20,2.12,3
77,2025-06-21,2.06,12
77,2025-08-23,2.36,7
77,2025-06-29,1.88,10
77,2025-07-23,1.75,14
77,2025-06-15,1.5,7
77,2025-06-29,1.95,11
77,2025-08-16,2.71,2
77,2025-06-11,2.58,4
77,2025-08-08,0.81,13
77,2025-07-02,2.31,14
78,2025-08-21,2.42,12
78,2025-07-20,0.58,10
78,2025-06-08,1.98,2
78,2025-07-25,2.11,7
78,2025-06-10,0.85,3
78,2025-06-19,1.9,10
78,2025-07-14,2.53,15
78,2025-06-07,2.75,9
78,2025-06-17,0.91,10
78,2025-06-13,0.97,2
78,2025-07-17,0.93,6
78,2025-07-03,2.94,12
78,2025-07-10,0.68,13
78,2025-06-06,0.52,11
78,2025-06-11,1.09,8
78,2025-07-24,2.51,5
78,2025-08-18,1.0,4
78,2025-06-14,1.76,10
78,2025-07-25,2.71,4
78,2025-06-21,2.44,9
78,2025-07-10,0.7,2
78,2025-07-28,1.83,8
78,2025-07-12,2.53,7
78,2025-08-16,1.81,15
78,2025-07-26,1.79,15
78,2025-07-10,1.91,9
78,2025-08-14,2.75,13
78,2025-08-27,2.12,3
78,2025-08-16,1.21,11
78,2025-06-05,0.82,12
78,2025-06-23,1.85,7
78,2025-06-11,1.37,4
78,2025-07-24,1.06,13
79,2025-06-30,2.17,7
79,2025-07-14,0.68,7
79,2025-06-06,1.65,2
79,2025-06-28,1.22,2
79,2025-06-09,0.99,9
79,2025-06-25,2.41,3
79,2025-08-07,2.39,9
79,2025-07-18,2.44,8
79,2025-07-23,0.62,13
79,2025-07-28,0.79,10
79,2025-06-08,1.49,7
79,2025-07-22,1.03,11
79,2025-06-18,0.61,9
79,2025-06-18,2.83,2
79,2025-06-22,1.63,13
79,2025-08-23,2.5,3
79,2025-06-22,1.77,5
79,2025-08-11,1.39,8
79,2025-07-18,1.38,2
79,2025-07-21,0.83,10
79,2025-07-06,2.26,11
79,2025-07-25,1.11,11
79,2025-06-17,1.94,8
79,2025-08-26,2.6,15
79,2025-07-14,0.57,10
79,2025-08-02,0.88,10
79,2025-07-29,0.83,4
79,2025-06-01,2.49,2
79,2025-07-03,0.57,12
79,2025-06-15,1.1,14
79,2025-08-17,2.22,5
79,2025-07-04,1.36,15
79,2025-06-13,2.83,15
79,2025-07-04,2.06,7
79,2025-06-19,1.7,9
79,2025-07-12,1.0,7
79,2025-06-29,2.48,12
79,2025-07-09,1.51,11
79,2025-07-16,0.71,11
79,2025-08-10,1.33,3
79,2025-08-15,1.37,9
79,2025-06-07,1.87,12
79,2025-08-22,0.96,10
79,2025-08-02,2.8,6
80,2025-06-30,1.66,11
80,2025-08-23,1.82,8
80,2025-06-29,2.19,13
80,2025-08-19,2.26,2
80,2025-06-01,1.67,12
80,2025-07-04,2.96,6
80,2025-06-16,1.97,6
80,2025-07-12,1.75,15
80,2025-08-21,2.27,2
80,2025-07-10,0.5,11
80,2025-08-07,2.27,6
80,2025-06-18,2.08,14
80,2025-08-18,1.31,8
80,2025-07-15,0.6,5
80,2025-07-11,2.6,9
80,2025-07-08,2.12,4
80,2025-07-14,0.69,10
80,2025-06-03,0.6,11
80,2025-06-21,0.99,11
80,2025-06-09,1.67,7
80,2025-08-17,2.37,9
80,2025-07-05,1.25,11
80,2025-08-15,2.93,12
80,2025-06-21,2.33,6
80,2025-07-07,1.41,11
80,2025-06-13,2.99,11
80,2025-06-22,0.56,5
80,2025-07-08,1.28,11
80,2025-06-11,1.61,10
80,2025-07-11,2.08,4
80,2025-08-27,0.65,13
80,2025-06-04,1.69,9
80,2025-07-16,0.56,2
80,2025-07-19,2.16,10
81,2025-07-28,2.76,10
81,2025-06-08,0.58,3
81,2025-06-08,2.25,7
81,2025-08-29,0.73,2
81,2025-07-04,1.19,3
81,2025-08-06,1.42,7
81,2025-07-09,0.66,6
81,2025-08-24,0.95,6
81,2025-06-26,2.0,15
81,2025-06-02,2.41,9
81,2025-07-11,1.79,11
81,2025-08-02,2.45,15
81,2025-06-23,2.23,2
81,2025-08-21,1.26,7
81,2025-07-15,0.94,2
81,2025-08-20,0.53,7
81,2025-06-22,2.98,14
81,2025-06-26,1.74,7
81,2025-08-16,2.55,8
81,2025-07-29,0.99,7
81,2025-07-09,2.15,3
81,2025-08-07,2.97,15
81,2025-07-09,1.7,12
81,2025-06-21,1.26,15
81,2025-08-26,2.74,5
81,2025-07-25,2.35,3
81,2025-06-04,2.66,7
81,2025-06-03,0.97,14
81,2025-08-22,1.83,9
81,2025-07-16,2.99,2
81,2025-08-03,1.93,14
81,2025-06-21,0.57,2
81,2025-06-27,2.7,8
81,2025-07-24,1.2,14
81,2025-08-03,0.79,11
81,2025-08-13,1.29,11
81,2025-08-17,2.26,15
81,2025-07-23,2.95,15
81,2025-06-25,1.0,11
81,2025-07-30,1.51,7
81,2025-08-06,2.71,8
81,2025-07-08,0.64,11
81,2025-08-29,0.95,8
81,2025-07-02,1.92,10
81,2025-08-02,1.03,5
81,2025-08-22,1.76,13
81,2025-06-21,2.02,6
82,2025-08-14,1.48,7
82,2025-07-30,0.87,13
82,2025-08-19,1.08,3
82,2025-07-16,2.32,3
82,2025-06-07,1.73,13
82,2025-06-26,2.32,14
82,2025-07-10,0.8,14
82,2025-07-01,2.62,12
82,2025-08-12,1.09,14
82,2025-08-18,1.08,3
82,2025-06-26,0.88,2
82,2025-07-07,0.93,2
82,2025-06-09,2.79,6
82,2025-08-14,0.94,10
82,2025-08-22,1.69,14
82,2025-07-31,1.63,4
82,2025-06-15,0.89,10
82,2025-07-22,1.55,14
82,2025-08-24,1.38,14
82,2025-08-15,2.18,3
82,2025-07-03,1.5,12
82,2025-07-26,1.64,14
82,2025-06-04,0.78,4
82,2025-08-28,1.61,2
82,2025-08-27,2.55,15
82,2025-07-24,1.27,12
82,2025-08-19,1.66,14
82,2025-07-01,0.69,6
82,2025-07-18,2.81,8
82,2025-07-02,2.0,11
82,2025-07-14,1.12,8
82,2025-06-30,2.8,7
82,2025-06-20,0.84,8
82,2025-07-19,1.3,9
82,2025-07-15,2.2,15
82,2025-07-11,2.62,8
82,2025-08-16,2.79,3
82,2025-06-10,1.83,13
82,2025-06-02,1.09,3
82,2025-07-21,0.55,6
82,2025-08-18,2.98,9
82,2025-08-22,2.79,12
82,2025-06-24,2.88,12
82,2025-06-10,1.08,13
82,2025-07-05,2.75,8
82,2025-07-28,0.8,11
82,2025-07-03,2.62,10
82,2025-06-26,2.01,14
82,2025-06-19,0.85,9
83,2025-06-24,1.49,2
83,2025-06-15,2.1,10
83,2025-08-26,0.87,14
83,2025-07-15,2.41,15
83,2025-06-30,1.09,8
83,2025-06-20,2.72,7
83,2025-07-21,2.49,13
83,2025-06-28,2.82,15
83,2025-08-13,1.87,11
83,2025-07-05,1.03,5
83,2025-06-13,0.68,12
83,2025-08-13,2.24,10
83,2025-08-25,2.81,13
83,2025-06-01,1.48,3
83,2025-07-07,2.94,11
83,2025-08-27,1.76,14
83,2025-07-19,0.9,15
83,2025-06-25,0.55,10
83,2025-07-01,1.76,12
83,2025-08-28,2.28,6
84,2025-07-13,1.59,15
84,2025-06-07,1.17,6
84,2025-08-28,1.0,6
84,2025-07-02,2.27,11
84,2025-06-21,0.69,8
84,2025-07-23,2.97,4
84,2025-06-04,1.6,7
84,2025-07-18,0.9,9
84,2025-08-14,2.29,3
84,2025-06-09,1.05,9
84,2025-07-15,0.79,11
84,2025-07-14,0.6,11
84,2025-07-07,1.41,9
84,2025-06-10,1.73,7
84,2025-06-20,1.31,8
84,2025-06-08,1.99,11
84,2025-07-27,2.64,12
84,2025-08-12,1.53,13
84,2025-07-09,2.71,3
84,2025-08-11,1.01,8
84,2025-07-24,2.56,14
84,2025-06-20,1.51,4
84,2025-07-16,1.72,12
84,2025-08-19,2.58,8
84,2025-07-31,2.83,15
84,2025-08-07,2.11,15
84,2025-07-29,0.58,14
84,2025-08-24,2.76,11
84,2025-07-25,1.33,7
84,2025-06-03,1.38,5
85,2025-07-27,2.34,2
85,2025-08-21,2.12,7
85,2025-07-11,1.59,5
85,2025-06-01,2.75,14
85,2025-08-28,2.11,6
85,2025-06-25,0.54,10
85,2025-07-26,1.96,2
85,2025-08-05,1.95,8
85,2025-08-03,1.45,11
85,2025-06-04,0.99,4
85,2025-08-23,1.86,12
85,2025-08-07,2.54,5
85,2025-07-13,2.74,12
85,2025-07-25,1.18,13
85,2025-08-06,2.79,3
85,2025-06-04,1.79,2
85,2025-07-06,1.79,2
85,2025-06-08,2.64,15
85,2025-07-08,2.65,14
85,2025-06-08,2.09,3
85,2025-06-27,2.01,12
85,2025-06-08,1.35,14
85,2025-07-27,0.92,3
85,2025-06-27,2.65,10
85,2025-07-27,2.94,2
85,2025-08-09,2.89,3
85,2025-06-20,2.99,3
85,2025-07-12,0.87,13
85,2025-08-02,1.62,14
85,2025-06-14,2.96,5
85,2025-07-03,1.98,11
85,2025-06-19,2.9,10
85,2025-08-15,1.91,8
85,2025-06-26,2.4,6
85,2025-07-26,1.4,9
85,2025-06-21,1.51,7
85,2025-07-27,1.16,8
85,2025-08-27,1.86,8
85,2025-08-23,0.8,9
85,2025-06-18,2.5,14
85,2025-06-24,1.87,7
86,2025-08-15,2.12,6
86,2025-07-06,2.39,8
86,2025-07-24,2.73,3
86,2025-07-01,2.68,14
86,2025-08-07,1.01,14
86,2025-07-08,2.09,15
86,2025-06-10,2.89,5
86,2025-07-18,1.58,10
86,2025-07-08,2.8,5
86,2025-07-06,1.27,4
86,2025-06-04,1.57,9
86,2025-07-30,1.06,12
86,2025-08-04,0.74,15
86,2025-08-29,1.81,8
86,2025-08-21,2.45,8
86,2025-08-16,2.52,15
86,2025-07-11,1.84,13
86,2025-08-15,1.9,14
86,2025-08-27,2.53,6
86,2025-08-01,1.82,8
86,2025-07-26,2.47,7
86,2025-06-24,1.11,14
86,2025-08-13,0.5,4
86,2025-07-13,1.77,11
86,2025-08-04,1.41,9
86,2025-08-11,2.37,6
86,2025-08-26,2.26,8
86,2025-08-10,2.83,13
86,2025-08-16,1.51,7
86,2025-06-08,1.01,13
87,2025-06-19,2.47,3
87,2025-07-16,1.58,12
87,2025-08-29,2.79,13
87,2025-08-08,0.54,14
87,2025-06-27,1.41,15
87,2025-06-23,1.76,2
87,2025-07-07,1.09,11
87,2025-06-15,2.9,12
87,2025-07-20,2.2,9
87,2025-06-15,1.73,9
87,2025-07-11,2.96,6
87,2025-08-03,2.95,7
87,2025-06-04,1.39,9
87,2025-08-25,1.31,7
87,2025-06-06,1.19,14
87,2025-06-14,2.67,13
87,2025-06-10,1.93,4
87,2025-07-31,1.82,7
87,2025-06-20,0.53,11
87,2025-08-21,1.56,12
87,2025-06-05,1.83,9
87,2025-08-14,2.68,15
87,2025-07-02,2.16,2
87,2025-07-20,1.06,7
87,2025-07-29,2.71,7
87,2025-08-27,2.85,10
87,2025-07-28,1.28,14
87,2025-08-21,0.73,15
87,2025-07-27,1.81,8
87,2025-07-17,1.33,7
87,2025-08-29,1.72,8
87,2025-06-06,2.94,2
87,2025-06-29,1.15,10
87,2025-08-27,1.61,6
88,2025-08-07,1.68,14
88,2025-08-05,1.43,12
88,2025-08-28,1.44,5
88,2025-06-05,1.21,2
88,2025-06-16,0.56,8
88,2025-06-07,1.52,10
88,2025-06-09,1.98,14
88,2025-06-30,0.67,14
88,2025-08-03,2.46,2
88,2025-08-05,2.48,9
88,2025-07-25,0.9,4
88,2025-06-21,1.04,6
88,2025-07-01,2.97,3
88,2025-06-03,2.93,5
88,2025-07-01,1.03,8
88,2025-08-21,1.93,5
88,2025-08-16,1.27,5
88,2025-07-11,1.98,11
88,2025-08-17,0.76,3
88,2025-07-01,1.57,2
88,2025-07-07,2.08,4
88,2025-07-25,2.64,13
88,2025-06-21,0.83,4
88,2025-07-07,1.58,12
88,2025-08-16,2.31,13
88,2025-08-03,0.82,12
88,2025-07-29,0.66,15
88,2025-08-03,0.78,15
88,2025-06-09,2.04,2
88,2025-08-10,2.91,8
88,2025-08-20,2.82,6
88,2025-06-08,2.27,11
88,2025-07-14,2.35,2
88,2025-06-27,1.87,4
88,2025-08-19,0.66,4
88,2025-06-12,2.18,8
88,2025-08-23,2.42,5
88,2025-08-28,2.65,10
88,2025-07-04,1.82,14
88,2025-06-21,1.25,6
89,2025-08-07,0.74,12
89,2025-08-17,1.53,14
89,2025-07-15,1.06,2
89,2025-07-21,1.33,7
89,2025-07-10,1.93,12
89,2025-06-03,2.15,12
89,2025-07-06,2.27,7
89,2025-06-03,2.4,3
89,2025-07-13,0.67,7
89,2025-07-29,1.33,4
89,2025-06-07,1.9,2
89,2025-08-13,1.98,2
89,2025-07-20,2.02,3
89,2025-06-19,2.55,6
89,2025-07-05,0.86,14
89,2025-08-02,2.84,6
89,2025-06-03,1.62,3
89,2025-07-09,0.74,6
89,2025-06-11,2.93,9
89,2025-06-05,1.33,8
89,2025-07-25,1.62,11
89,2025-06-18,1.39,6
89,2025-08-26,2.0,7
89,2025-06-05,2.21,14
89,2025-08-12,1.47,13
89,2025-07-31,2.81,11
89,2025-06-11,2.32,9
89,2025-07-10,2.13,6
89,2025-08-23,0.6,8
89,2025-08-25,2.52,10
89,2025-06-30,1.14,4
89,2025-06-05,1.83,5
89,2025-06-02,0.75,14
89,2025-06-26,1.19,10
89,2025-07-28,0.52,3
89,2025-06-21,2.73,4
89,2025-07-26,0.53,11
89,2025-07-18,0.98,7
89,2025-07-09,1.56,8
89,2025-08-15,2.36,2
90,2025-07-28,1.53,5
90,2025-08-27,2.59,15
90,2025-07-03,2.81,2
90,2025-07-02,0.91,6
90,2025-07-05,1.7,15
90,2025-07-25,2.63,14
90,2025-06-22,2.35,12
90,2025-06-17,2.44,8
90,2025-06-04,0.95,14
90,2025-08-19,2.55,6
90,2025-07-21,1.91,3
90,2025-07-20,0.82,6
90,2025-07-15,1.99,10
90,2025-07-02,2.32,3
90,2025-08-21,1.64,13
90,2025-07-06,2.34,10
90,2025-07-21,1.29,6
90,2025-07-28,2.31,9
90,2025-06-21,0.94,13
90,2025-08-19,1.08,3
90,2025-08-13,1.05,5
90,2025-06-17,2.89,6
90,2025-06-07,2.85,2
91,2025-07-13,1.07,11
91,2025-08-03,2.15,8
91,2025-08-17,0.81,10
91,2025-06-28,0.76,7
91,2025-07-27,2.61,13
91,2025-08-02,0.79,4
91,2025-07-07,0.84,8
91,2025-06-10,1.3,2
91,2025-08-14,0.74,9
91,2025-07-25,0.74,3
91,2025-08-23,0.73,8
91,2025-08-22,1.06,8
91,2025-08-22,2.35,10
91,2025-08-15,1.02,4
91,2025-06-20,0.89,3
91,2025-08-09,1.69,3
91,2025-07-30,1.09,8
91,2025-08-05,2.72,8
91,2025-07-14,1.04,9
91,2025-08-18,1.16,9
91,2025-08-26,2.8,6
91,2025-06-17,2.53,15
92,2025-07-01,2.7,4
92,2025-06-16,1.05,13
92,2025-06-06,1.04,15
92,2025-07-16,1.51,2
92,2025-06-05,2.75,6
92,2025-08-21,2.09,10
92,2025-06-11,2.62,12
92,2025-07-24,1.67,6
92,2025-06-09,1.25,12
92,2025-06-17,1.22,12
92,2025-08-12,1.89,2
92,2025-07-25,1.25,9
92,2025-08-24,0.96,4
92,2025-08-17,2.78,5
92,2025-06-04,1.62,15
92,2025-06-09,2.4,11
92,2025-07-24,2.55,6
92,2025-08-25,1.63,5
92,2025-07-07,1.02,6
92,2025-06-23,2.68,13
93,2025-07-02,1.2,3
93,2025-08-04,1.1,2
93,2025-07-01,0.7,13
93,2025-08-11,1.23,4
93,2025-06-27,2.66,3
93,2025-08-07,2.15,14
93,2025-08-02,2.93,3
93,2025-07-11,2.92,11
93,2025-07-30,2.95,11
93,2025-06-14,1.78,3
93,2025-06-06,2.93,14
93,2025-06-16,1.61,11
93,2025-07-26,2.07,7
93,2025-06-11,0.98,13
93,2025-08-09,0.6,2
93,2025-06-13,2.63,9
93,2025-08-21,2.55,11
93,2025-06-19,0.57,13
93,2025-08-01,1.93,12
93,2025-07-04,1.75,7
93,2025-07-26,0.9,14
93,2025-07-06,2.8,12
93,2025-07-16,2.13,15
93,2025-06-24,1.72,7
93,2025-08-10,0.68,9
93,2025-07-12,1.19,2
93,2025-07-01,0.52,10
93,2025-07-21,2.99,14
93,2025-08-19,1.04,12
93,2025-07-31,1.89,7
93,2025-08-10,0.77,5
93,2025-08-06,0.89,15
93,2025-07-29,1.39,5
93,2025-08-13,0.54,12
93,2025-06-20,2.6,10
93,2025-07-14,2.37,10
93,2025-07-11,1.78,14
93,2025-08-06,1.33,8
93,2025-07-08,2.59,2
93,2025-08-26,2.32,12
93,2025-06-27,1.53,7
93,2025-06-21,1.93,8
93,2025-06-22,1.92,15
94,2025-07-01,2.81,15
94,2025-07-27,1.88,4
94,2025-06-18,1.22,15
94,2025-06-11,1.99,6
94,2025-08-14,0.61,2
94,2025-07-14,2.04,15
94,2025-07-03,2.0,7
94,2025-07-14,0.52,3
94,2025-08-14,1.43,15
94,2025-06-26,1.82,3
94,2025-08-17,1.55,10
94,2025-06-23,2.45,11
94,2025-08-10,1.92,15
94,2025-07-29,1.37,12
94,2025-08-21,2.42,3
94,2025-07-13,2.27,15
94,2025-08-16,2.96,7
94,2025-06-06,2.96,14
94,2025-07-30,2.49,8
94,2025-08-02,1.71,13
95,2025-07-09,1.9,2
95,2025-06-07,0.7,7
95,2025-06-28,1.06,11
95,2025-07-12,1.69,14
95,2025-06-10,1.01,12
95,2025-07-13,1.2,2
95,2025-07-27,2.02,15
95,2025-08-22,1.38,9
95,2025-07-07,2.07,14
95,2025-06-14,2.51,7
95,2025-06-09,0.53,7
95,2025-06-09,1.21,6
95,2025-07-09,0.91,11
95,2025-06-04,2.93,13
95,2025-08-19,0.87,6
95,2025-06-05,0.66,11
95,2025-06-04,1.92,12
95,2025-08-12,2.52,15
95,2025-07-21,0.77,2
95,2025-06-15,1.11,3
95,2025-07-26,1.38,14
95,2025-08-10,1.28,2
95,2025-08-19,2.76,12
95,2025-08-29,1.49,3
95,2025-08-15,0.99,7
95,2025-06-25,0.5,6
95,2025-06-09,2.51,7
95,2025-06-03,1.97,7
95,2025-07-10,1.03,7
96,2025-07-17,0.92,11
96,2025-07-13,0.54,6
96,2025-07-09,2.42,11
96,2025-06-23,0.86,14
96,2025-06-02,2.89,12
96,2025-06-29,0.95,4
96,2025-08-27,1.1,6
96,2025-07-21,2.96,9
96,2025-08-06,2.44,15
96,2025-07-31,2.46,5
96,2025-06-18,0.96,12
96,2025-07-22,1.94,13
96,2025-08-16,1.64,13
96,2025-06-30,2.89,3
96,2025-08-25,0.82,4
96,2025-08-22,2.32,6
96,2025-08-06,2.35,2
96,2025-06-25,2.48,13
96,2025-06-05,1.81,12
96,2025-06-05,0.94,9
96,2025-07-07,1.97,15
96,2025-07-23,2.51,15
96,2025-08-07,2.9,12
96,2025-06-25,2.35,4
96,2025-08-07,1.17,15
97,2025-08-10,1.73,12
97,2025-07-02,2.0,11
97,2025-08-14,0.61,14
97,2025-06-21,2.49,9
97,2025-08-02,2.2,4
97,2025-07-25,1.9,9
97,2025-08-18,2.04,5
97,2025-08-11,2.22,4
97,2025-08-07,0.68,10
97,2025-07-15,2.55,12
97,2025-07-18,1.53,13
97,2025-08-19,1.72,8
97,2025-08-27,2.59,10
97,2025-06-18,2.48,11
97,2025-07-29,2.78,2
97,2025-08-25,2.29,14
97,2025-07-25,1.55,6
97,2025-06-25,0.85,3
97,2025-08-02,2.33,12
97,2025-07-15,0.74,12
97,2025-06-09,2.09,6
97,2025-08-10,1.83,11
97,2025-07-29,2.82,13
97,2025-07-31,1.3,2
97,2025-07-01,1.46,14
97,2025-08-22,1.37,14
97,2025-08-27,2.88,7
97,2025-07-27,1.55,12
97,2025-07-31,2.96,11
97,2025-08-15,1.91,12
97,2025-07-17,1.47,7
97,2025-08-27,0.81,12
97,2025-07-05,1.18,8
97,2025-06-20,1.39,15
97,2025-08-23,1.54,10
97,2025-07-10,2.19,4
97,2025-06-01,1.04,13
97,2025-07-27,2.91,4
97,2025-06-10,2.89,11
97,2025-08-10,2.7,7
97,2025-07-11,0.59,14
97,2025-06-16,1.55,6
97,2025-06-17,2.18,9
97,2025-08-26,0.73,7
97,2025-08-10,1.44,13
97,2025-07-24,1.3,4
98,2025-07-01,0.53,11
98,2025-06-21,0.69,12
98,2025-08-28,1.98,5
98,2025-08-04,1.7,13
98,2025-06-06,1.08,12
98,2025-07-02,2.59,3
98,2025-06-09,1.43,15
98,2025-07-31,1.3,11
98,2025-07-17,2.81,9
98,2025-06-03,0.61,15
98,2025-06-07,2.47,6
98,2025-08-21,1.06,6
98,2025-06-23,2.79,9
98,2025-06-21,2.11,7
98,2025-06-27,1.25,11
98,2025-07-10,2.03,2
98,2025-07-09,2.69,9
98,2025-08-06,2.58,14
98,2025-07-09,1.39,4
98,2025-07-26,2.15,2
98,2025-06-30,1.92,2
98,2025-07-03,2.17,2
98,2025-08-10,2.49,10
98,2025-07-14,1.8,13
98,2025-07-27,2.95,11
98,2025-07-13,2.91,10
98,2025-08-24,1.77,9
98,2025-07-09,1.61,9
98,2025-07-14,0.9,14
99,2025-08-27,1.61,15
99,2025-07-25,2.77,5
99,2025-07-13,0.89,14
99,2025-06-10,1.96,14
99,2025-07-10,1.13,14
99,2025-08-26,1.83,14
99,2025-06-06,2.72,14
99,2025-07-20,1.3,5
99,2025-08-22,0.91,15
99,2025-06-01,2.32,6
99,2025-06-17,1.11,13
99,2025-08-10,1.25,3
99,2025-06-01,2.94,3
99,2025-07-11,1.3,13
99,2025-06-23,1.03,7
99,2025-07-31,1.12,12
99,2025-06-25,2.67,9
99,2025-08-03,1.88,11
99,2025-06-26,2.17,5
99,2025-08-12,1.72,11
99,2025-06-01,2.49,10
99,2025-08-27,2.21,9
99,2025-07-30,2.02,12
99,2025-06-07,1.28,14
99,2025-06-14,2.37,2
99,2025-08-14,1.76,11
99,2025-08-08,1.63,8
99,2025-08-12,1.05,15
99,2025-06-21,2.69,5
99,2025-06-27,2.0,14
99,2025-07-10,2.31,7
99,2025-07-24,1.6,7
99,2025-06-04,0.63,6
99,2025-06-18,2.73,9
99,2025-07-10,1.37,13
99,2025-08-15,2.97,14
99,2025-06-05,0.92,3
99,2025-06-23,2.61,9
99,2025-06-15,0.6,4
99,2025-06-06,0.78,3
99,2025-06-19,0.75,2
100,2025-07-09,2.66,13
100,2025-07-06,1.1,8
100,2025-07-18,1.09,15
100,2025-06-27,2.91,13
100,2025-07-04,0.71,4
100,2025-06-08,2.41,13
100,2025-08-03,0.74,3
100,2025-06-23,0.76,9
100,2025-08-12,2.2,12
100,2025-06-27,0.95,13
100,2025-08-12,0.59,12
100,2025-08-01,1.99,15
100,2025-06-28,1.13,9
100,2025-06-06,1.79,15
100,2025-07-30,1.31,12
100,2025-07-13,1.21,14
100,2025-08-19,1.23,7
100,2025-08-12,1.12,14
100,2025-08-02,2.66,14
100,2025-08-06,2.54,10
100,2025-07-08,2.86,9
100,2025-06-09,2.05,15
100,2025-07-17,2.66,2
100,2025-06-21,0.95,6
100,2025-08-05,1.87,6
100,2025-07-01,2.76,5
100,2025-08-17,1.28,4
100,2025-07-13,2.31,3
100,2025-07-07,1.82,9
100,2025-08-08,2.47,11
100,2025-07-03,2.31,3
100,2025-07-27,0.65,5
100,2025-06-03,1.78,5
100,2025-07-25,1.02,12
100,2025-06-18,2.98,7
100,2025-07-07,1.07,5
100,2025-08-28,1.26,8
100,2025-07-24,1.4,8
100,2025-06-19,2.66,10
100,2025-06-02,2.95,10
100,2025-06-21,0.85,10
100,2025-07-16,1.08,8
100,2025-07-06,0.62,6
100,2025-08-03,1.57,12
